"Station Name","KOMAKUK BEACH"
"Province","YUKON TERRITORY"
"Latitude","69.61"
"Longitude","-140.20"
"Elevation","13.20"
"Climate Identifier","2100682"
"WMO Identifier","71046"
"TC Identifier","WKM"

"Legend"
"A","Accumulated"
"C","Precipitation occurred, amount uncertain"
"E","Estimated"
"F","Accumulated and estimated"
"L","Precipitation may or may not have occurred"
"M","Missing"
"N","Temperature missing but known to be > 0"
"S","More than one occurrence"
"T","Trace"
"Y","Temperature missing but known to be < 0"
"[empty]","No data available"
"^","The value displayed is based on incomplete data"
"†","Data for this day has undergone only basic quality checking"
"‡","Partner data that is not subject to review by the National Climate Archives"

"Date/Time","Year","Month","Day","Data Quality","Max Temp (°C)","Max Temp Flag","Min Temp (°C)","Min Temp Flag","Mean Temp (°C)","Mean Temp Flag","Heat Deg Days (°C)","Heat Deg Days Flag","Cool Deg Days (°C)","Cool Deg Days Flag","Total Rain (mm)","Total Rain Flag","Total Snow (cm)","Total Snow Flag","Total Precip (mm)","Total Precip Flag","Snow on Grnd (cm)","Snow on Grnd Flag","Dir of Max Gust (10s deg)","Dir of Max Gust Flag","Spd of Max Gust (km/h)","Spd of Max Gust Flag"
"2015-01-01","2015","01","01","†","-21.7","","-25.4","","-23.6","","41.6","","0.0","","","M","","M","","M","","","10","","61",""
"2015-01-02","2015","01","02","†","-8.9","","-25.1","","-17.0","","35.0","","0.0","","","M","","M","","M","","","10","","50",""
"2015-01-03","2015","01","03","†","-13.5","","-25.7","","-19.6","","37.6","","0.0","","","M","","M","","M","","","","","<31",""
"2015-01-04","2015","01","04","†","-13.3","","-25.2","","-19.3","","37.3","","0.0","","","M","","M","","M","","","10","","52",""
"2015-01-05","2015","01","05","†","-13.9","","-22.6","","-18.3","","36.3","","0.0","","","M","","M","","M","","","9","","52",""
"2015-01-06","2015","01","06","†","-11.6","","-20.2","","-15.9","","33.9","","0.0","","","M","","M","","M","","","28","","56",""
"2015-01-07","2015","01","07","†","-17.9","","-25.2","","-21.6","","39.6","","0.0","","","M","","M","","M","","","9","","50",""
"2015-01-08","2015","01","08","†","-18.2","","-26.1","","-22.2","","40.2","","0.0","","","M","","M","","M","","","12","","65",""
"2015-01-09","2015","01","09","†","1.6","","-24.1","","-11.3","","29.3","","0.0","","","M","","M","","M","","","11","","78",""
"2015-01-10","2015","01","10","†","-8.7","E","-22.5","E","-15.6","E","33.6","E","0.0","E","","M","","M","","M","","","","M","","M"
"2015-01-11","2015","01","11","","","","","","","","","","","","","","","","","","","","","","",""
"2015-01-12","2015","01","12","†","-21.6","E","","M","","M","","M","","M","","M","","M","","M","","","","","<31",""
"2015-01-13","2015","01","13","†","-26.0","","-29.8","","-27.9","","45.9","","0.0","","","M","","M","","M","","","","","<31",""
"2015-01-14","2015","01","14","†","-27.4","","-33.6","","-30.5","","48.5","","0.0","","","M","","M","","M","","","","","<31",""
"2015-01-15","2015","01","15","†","-23.2","","-29.9","","-26.6","","44.6","","0.0","","","M","","M","","M","","","10","","67",""
"2015-01-16","2015","01","16","†","-19.8","","-24.2","","-22.0","","40.0","","0.0","","","M","","M","","M","","","9","","70",""
"2015-01-17","2015","01","17","†","-18.8","","-20.2","","-19.5","","37.5","","0.0","","","M","","M","","M","","","9","","74",""
"2015-01-18","2015","01","18","†","-18.2","","-26.7","","-22.5","","40.5","","0.0","","","M","","M","","M","","","10","","32",""
"2015-01-19","2015","01","19","†","-19.1","","-28.8","","-24.0","","42.0","","0.0","","","M","","M","","M","","","10","","33",""
"2015-01-20","2015","01","20","†","-19.2","","-26.1","","-22.7","","40.7","","0.0","","","M","","M","","M","","","9","","48",""
"2015-01-21","2015","01","21","†","-18.5","","-26.2","","-22.4","","40.4","","0.0","","","M","","M","","M","","","","","<31",""
"2015-01-22","2015","01","22","†","-19.3","","-23.5","","-21.4","","39.4","","0.0","","","M","","M","","M","","","","","<31",""
"2015-01-23","2015","01","23","†","-21.6","","-25.3","","-23.5","","41.5","","0.0","","","M","","M","","M","","","29","","74",""
"2015-01-24","2015","01","24","†","-22.7","","-28.3","","-25.5","","43.5","","0.0","","","M","","M","","M","","","29","","65",""
"2015-01-25","2015","01","25","†","-25.4","","-29.6","","-27.5","","45.5","","0.0","","","M","","M","","M","","","28","","59",""
"2015-01-26","2015","01","26","†","-21.4","","-27.7","","-24.6","","42.6","","0.0","","","M","","M","","M","","","28","","61",""
"2015-01-27","2015","01","27","†","-20.5","","-26.1","","-23.3","","41.3","","0.0","","","M","","M","","M","","","28","","61",""
"2015-01-28","2015","01","28","†","-21.9","","-25.3","","-23.6","","41.6","","0.0","","","M","","M","","M","","","28","","67",""
"2015-01-29","2015","01","29","†","-22.9","","-28.8","","-25.9","","43.9","","0.0","","","M","","M","","M","","","27","","37",""
"2015-01-30","2015","01","30","†","-7.1","","-31.2","","-19.2","","37.2","","0.0","","","M","","M","","M","","","24","","41",""
"2015-01-31","2015","01","31","†","-6.1","","-15.9","","-11.0","","29.0","","0.0","","","M","","M","","M","","","26","","74",""
"2015-02-01","2015","02","01","†","-15.8","","-26.7","","-21.3","","39.3","","0.0","","","M","","M","","M","","","27","","69",""
"2015-02-02","2015","02","02","†","-7.5","","-24.0","","-15.8","","33.8","","0.0","","","M","","M","","M","","","10","","63",""
"2015-02-03","2015","02","03","†","-8.4","","-19.2","","-13.8","","31.8","","0.0","","","M","","M","","M","","","28","","85",""
"2015-02-04","2015","02","04","†","-19.2","","-27.5","","-23.4","","41.4","","0.0","","","M","","M","","M","","","28","","83",""
"2015-02-05","2015","02","05","†","-27.1","","-34.9","","-31.0","","49.0","","0.0","","","M","","M","","M","","","28","","54",""
"2015-02-06","2015","02","06","†","-20.7","","-35.7","","-28.2","","46.2","","0.0","","","M","","M","","M","","","28","","70",""
"2015-02-07","2015","02","07","†","-22.7","","-31.7","","-27.2","","45.2","","0.0","","","M","","M","","M","","","28","","80",""
"2015-02-08","2015","02","08","†","-21.4","","-26.8","","-24.1","","42.1","","0.0","","","M","","M","","M","","","28","","63",""
"2015-02-09","2015","02","09","†","-25.9","","-35.5","","-30.7","","48.7","","0.0","","","M","","M","","M","","","28","","52",""
"2015-02-10","2015","02","10","†","-26.9","","-35.9","","-31.4","","49.4","","0.0","","","M","","M","","M","","","26","","33",""
"2015-02-11","2015","02","11","†","-30.4","","-37.8","","-34.1","","52.1","","0.0","","","M","","M","","M","","","10","","46",""
"2015-02-12","2015","02","12","†","-29.0","","-34.1","","-31.6","","49.6","","0.0","","","M","","M","","M","","","9","","74",""
"2015-02-13","2015","02","13","†","-29.9","","-33.0","","-31.5","","49.5","","0.0","","","M","","M","","M","","","","","<31",""
"2015-02-14","2015","02","14","†","-27.2","","-29.9","","-28.6","","46.6","","0.0","","","M","","M","","M","","","","","<31",""
"2015-02-15","2015","02","15","†","","M","-28.9","E","","M","","M","","M","","M","","","","M","","","","M","","M"
"2015-02-16","2015","02","16","†","-21.9","E","","M","","M","","M","","M","","M","","M","","M","","","","","<31",""
"2015-02-17","2015","02","17","†","-12.1","","-21.8","","-17.0","","35.0","","0.0","","","M","","M","","M","","","12","","85",""
"2015-02-18","2015","02","18","†","-3.9","","-13.9","","-8.9","","26.9","","0.0","","","M","","M","","M","","","","","<31",""
"2015-02-19","2015","02","19","†","-4.7","","-17.2","","-11.0","","29.0","","0.0","","","M","","M","","M","","","25","","37",""
"2015-02-20","2015","02","20","†","-4.0","","-16.6","","-10.3","","28.3","","0.0","","","M","","M","","M","","","26","","39",""
"2015-02-21","2015","02","21","†","-10.8","","-15.9","","-13.4","","31.4","","0.0","","","M","","M","","M","","","27","","32",""
"2015-02-22","2015","02","22","†","-12.4","","-17.7","","-15.1","","33.1","","0.0","","","M","","M","","M","","","9","","65",""
"2015-02-23","2015","02","23","†","-13.2","","-19.1","","-16.2","","34.2","","0.0","","","M","","M","","M","","","10","","93",""
"2015-02-24","2015","02","24","†","-3.7","","-16.4","","-10.1","","28.1","","0.0","","","M","","M","","M","","","11","","82",""
"2015-02-25","2015","02","25","†","-4.3","","-10.4","","-7.4","","25.4","","0.0","","","M","","M","","M","","","27","","57",""
"2015-02-26","2015","02","26","†","-1.9","","-11.5","","-6.7","","24.7","","0.0","","","M","","M","","M","","","18","","56",""
"2015-02-27","2015","02","27","†","-0.2","","-7.1","","-3.7","","21.7","","0.0","","","M","","M","","M","","","28","","65",""
"2015-02-28","2015","02","28","†","-2.4","","-13.0","","-7.7","","25.7","","0.0","","","M","","M","","M","","","28","","96",""
"2015-03-01","2015","03","01","†","-5.3","","-22.9","","-14.1","","32.1","","0.0","","","M","","M","","M","","","","","<31",""
"2015-03-02","2015","03","02","†","-20.7","","-26.9","","-23.8","","41.8","","0.0","","","M","","M","","M","","","10","","50",""
"2015-03-03","2015","03","03","†","-7.9","","-21.7","","-14.8","","32.8","","0.0","","","M","","M","","M","","","9","","67",""
"2015-03-04","2015","03","04","†","-4.4","","-17.4","","-10.9","","28.9","","0.0","","","M","","M","","M","","","28","","76",""
"2015-03-05","2015","03","05","†","-16.9","","-22.5","","-19.7","","37.7","","0.0","","","M","","M","","M","","","10","","67",""
"2015-03-06","2015","03","06","†","-18.4","","-23.4","","-20.9","","38.9","","0.0","","","M","","M","","M","","","9","","70",""
"2015-03-07","2015","03","07","†","-17.1","","-22.8","","-20.0","","38.0","","0.0","","","M","","M","","M","","","10","","50",""
"2015-03-08","2015","03","08","†","-14.8","","-21.1","","-18.0","","36.0","","0.0","","","M","","M","","M","","","28","","56",""
"2015-03-09","2015","03","09","†","-21.1","","-25.1","","-23.1","","41.1","","0.0","","","M","","M","","M","","","27","","65",""
"2015-03-10","2015","03","10","†","-22.0","","-27.6","","-24.8","","42.8","","0.0","","","M","","M","","M","","","27","","63",""
"2015-03-11","2015","03","11","†","-27.0","","-33.3","","-30.2","","48.2","","0.0","","","M","","M","","M","","","","","<31",""
"2015-03-12","2015","03","12","†","-31.9","","-35.5","","-33.7","","51.7","","0.0","","","M","","M","","M","","","","","<31",""
"2015-03-13","2015","03","13","†","-29.7","","-35.1","","-32.4","","50.4","","0.0","","","M","","M","","M","","","27","","50",""
"2015-03-14","2015","03","14","†","-26.8","","-29.8","","-28.3","","46.3","","0.0","","","M","","M","","M","","","27","","54",""
"2015-03-15","2015","03","15","†","-19.9","","-29.2","","-24.6","","42.6","","0.0","","","M","","M","","M","","","","","<31",""
"2015-03-16","2015","03","16","†","-20.5","","-32.2","","-26.4","","44.4","","0.0","","","M","","M","","M","","","10","","70",""
"2015-03-17","2015","03","17","†","-8.3","","-20.4","","-14.4","","32.4","","0.0","","","M","","M","","M","","","11","","70",""
"2015-03-18","2015","03","18","†","-14.4","","-19.8","","-17.1","","35.1","","0.0","","","M","","M","","M","","","28","","33",""
"2015-03-19","2015","03","19","†","-17.4","","-23.0","","-20.2","","38.2","","0.0","","","M","","M","","M","","","27","","44",""
"2015-03-20","2015","03","20","†","-18.5","","-23.5","","-21.0","","39.0","","0.0","","","M","","M","","M","","","","","<31",""
"2015-03-21","2015","03","21","†","-16.1","","-24.8","","-20.5","","38.5","","0.0","","","M","","M","","M","","","9","","59",""
"2015-03-22","2015","03","22","†","-17.4","","-23.0","","-20.2","","38.2","","0.0","","","M","","M","","M","","","10","","57",""
"2015-03-23","2015","03","23","†","-14.5","","-22.8","","-18.7","","36.7","","0.0","","","M","","M","","M","","","","","<31",""
"2015-03-24","2015","03","24","†","-17.6","","-23.3","","-20.5","","38.5","","0.0","","","M","","M","","M","","","9","","44",""
"2015-03-25","2015","03","25","†","-13.7","","-24.8","","-19.3","","37.3","","0.0","","","M","","M","","M","","","11","","61",""
"2015-03-26","2015","03","26","†","-16.3","","-24.3","","-20.3","","38.3","","0.0","","","M","","M","","M","","","","","<31",""
"2015-03-27","2015","03","27","†","-16.4","","-19.2","","-17.8","","35.8","","0.0","","","M","","M","","M","","","","","<31",""
"2015-03-28","2015","03","28","†","-15.0","","-20.8","","-17.9","","35.9","","0.0","","","M","","M","","M","","","","","<31",""
"2015-03-29","2015","03","29","†","-15.4","","-18.7","","-17.1","","35.1","","0.0","","","M","","M","","M","","","10","","46",""
"2015-03-30","2015","03","30","†","-16.5","","-22.3","","-19.4","","37.4","","0.0","","","M","","M","","M","","","11","","74",""
"2015-03-31","2015","03","31","†","-21.6","","-24.8","","-23.2","","41.2","","0.0","","","M","","M","","M","","","10","","67",""
"2015-04-01","2015","04","01","†","-15.6","","-25.0","","-20.3","","38.3","","0.0","","","M","","M","","M","","","9","","69",""
"2015-04-02","2015","04","02","†","-14.9","","-22.0","","-18.5","","36.5","","0.0","","","M","","M","","M","","","","","<31",""
"2015-04-03","2015","04","03","†","-15.0","","-17.5","","-16.3","","34.3","","0.0","","","M","","M","","M","","","8","","32",""
"2015-04-04","2015","04","04","†","-17.2","","-24.9","","-21.1","","39.1","","0.0","","","M","","M","","M","","","10","","69",""
"2015-04-05","2015","04","05","†","-16.6","","-21.5","","-19.1","","37.1","","0.0","","","M","","M","","M","","","9","","54",""
"2015-04-06","2015","04","06","†","-17.2","","-21.3","","-19.3","","37.3","","0.0","","","M","","M","","M","","","10","","50",""
"2015-04-07","2015","04","07","†","-17.2","","-24.5","","-20.9","","38.9","","0.0","","","M","","M","","M","","","9","","80",""
"2015-04-08","2015","04","08","†","-8.6","","-17.2","","-12.9","","30.9","","0.0","","","M","","M","","M","","","11","","87",""
"2015-04-09","2015","04","09","†","-7.9","","-11.4","","-9.7","","27.7","","0.0","","","M","","M","","M","","","","","<31",""
"2015-04-10","2015","04","10","†","-9.7","","-12.2","","-11.0","","29.0","","0.0","","","M","","M","","M","","","","","<31",""
"2015-04-11","2015","04","11","†","-11.5","","-13.6","","-12.6","","30.6","","0.0","","","M","","M","","M","","","","","<31",""
"2015-04-12","2015","04","12","†","-10.1","","-12.5","","-11.3","","29.3","","0.0","","","M","","M","","M","","","9","","63",""
"2015-04-13","2015","04","13","†","-8.9","","-15.8","","-12.4","","30.4","","0.0","","","M","","M","","M","","","9","","54",""
"2015-04-14","2015","04","14","†","-13.5","","-18.4","","-16.0","","34.0","","0.0","","","M","","M","","M","","","9","","37",""
"2015-04-15","2015","04","15","†","-12.1","","-22.5","","-17.3","","35.3","","0.0","","","M","","M","","M","","","","","<31",""
"2015-04-16","2015","04","16","†","-10.3","","-18.6","","-14.5","","32.5","","0.0","","","M","","M","","M","","","","","<31",""
"2015-04-17","2015","04","17","†","-10.0","","-12.2","","-11.1","","29.1","","0.0","","","M","","M","","M","","","9","","35",""
"2015-04-18","2015","04","18","†","-9.4","","-12.1","","-10.8","","28.8","","0.0","","","M","","M","","M","","","10","","70",""
"2015-04-19","2015","04","19","†","-3.4","","-17.0","","-10.2","","28.2","","0.0","","","M","","M","","M","","","11","","72",""
"2015-04-20","2015","04","20","†","-0.7","","-9.9","","-5.3","","23.3","","0.0","","","M","","M","","M","","","11","","63",""
"2015-04-21","2015","04","21","†","5.9","","-6.1","","-0.1","","18.1","","0.0","","","M","","M","","M","","","11","","43",""
"2015-04-22","2015","04","22","†","-0.9","","-11.9","","-6.4","","24.4","","0.0","","","M","","M","","M","","","10","","37",""
"2015-04-23","2015","04","23","†","6.1","","-10.7","","-2.3","","20.3","","0.0","","","M","","M","","M","","","10","","39",""
"2015-04-24","2015","04","24","†","3.0","","-7.0","","-2.0","","20.0","","0.0","","","M","","M","","M","","","10","","69",""
"2015-04-25","2015","04","25","†","0.4","","-7.4","","-3.5","","21.5","","0.0","","","M","","M","","M","","","10","","54",""
"2015-04-26","2015","04","26","†","-4.0","","-7.4","","-5.7","","23.7","","0.0","","","M","","M","","M","","","","","<31",""
"2015-04-27","2015","04","27","†","-4.9","","-7.2","","-6.1","","24.1","","0.0","","","M","","M","","M","","","","","<31",""
"2015-04-28","2015","04","28","†","-4.8","","-6.9","","-5.9","","23.9","","0.0","","","M","","M","","M","","","","","<31",""
"2015-04-29","2015","04","29","†","-5.9","","-7.5","","-6.7","","24.7","","0.0","","","M","","M","","M","","","26","","33",""
"2015-04-30","2015","04","30","†","-6.8","","-8.3","","-7.6","","25.6","","0.0","","","M","","M","","M","","","28","","50",""
"2015-05-01","2015","05","01","†","-4.6","","-10.1","","-7.4","","25.4","","0.0","","","M","","M","","M","","","8","","33",""
"2015-05-02","2015","05","02","†","-3.5","","-6.4","","-5.0","","23.0","","0.0","","","M","","M","","M","","","9","","39",""
"2015-05-03","2015","05","03","†","-3.7","","-7.2","","-5.5","","23.5","","0.0","","","M","","M","","M","","","10","","48",""
"2015-05-04","2015","05","04","†","-0.4","","-9.7","","-5.1","","23.1","","0.0","","","M","","M","","M","","","","","<31",""
"2015-05-05","2015","05","05","†","-5.4","","-6.8","","-6.1","","24.1","","0.0","","","M","","M","","M","","","29","","37",""
"2015-05-06","2015","05","06","†","-4.5","","-8.2","","-6.4","","24.4","","0.0","","","M","","M","","M","","","10","","48",""
"2015-05-07","2015","05","07","†","0.9","","-9.1","","-4.1","","22.1","","0.0","","","M","","M","","M","","","10","","59",""
"2015-05-08","2015","05","08","†","2.2","","-7.6","","-2.7","","20.7","","0.0","","","M","","M","","M","","","","","<31",""
"2015-05-09","2015","05","09","†","1.9","","-2.9","","-0.5","","18.5","","0.0","","","M","","M","","M","","","","","<31",""
"2015-05-10","2015","05","10","†","4.4","","-0.7","","1.9","","16.1","","0.0","","","M","","M","","M","","","26","","39",""
"2015-05-11","2015","05","11","†","0.8","","-1.9","","-0.6","","18.6","","0.0","","","M","","M","","M","","","26","","39",""
"2015-05-12","2015","05","12","†","8.8","","-0.9","","4.0","","14.0","","0.0","","","M","","M","","M","","","26","","35",""
"2015-05-13","2015","05","13","†","4.7","","-1.8","","1.5","","16.5","","0.0","","","M","","M","","M","","","","","<31",""
"2015-05-14","2015","05","14","†","0.2","","-2.3","","-1.1","","19.1","","0.0","","","M","","M","","M","","","9","","61",""
"2015-05-15","2015","05","15","†","4.8","","-3.5","","0.7","","17.3","","0.0","","","M","","M","","M","","","11","","93",""
"2015-05-16","2015","05","16","†","7.5","","0.8","","4.2","","13.8","","0.0","","","M","","M","","M","","","27","","39",""
"2015-05-17","2015","05","17","†","9.7","","2.2","","6.0","","12.0","","0.0","","","M","","M","","M","","","27","","46",""
"2015-05-18","2015","05","18","†","8.8","","-0.4","","4.2","","13.8","","0.0","","","M","","M","","M","","","","","<31",""
"2015-05-19","2015","05","19","†","7.8","","1.7","","4.8","","13.2","","0.0","","","M","","M","","M","","","26","","41",""
"2015-05-20","2015","05","20","†","3.2","","0.6","","1.9","","16.1","","0.0","","","M","","M","","M","","","","","<31",""
"2015-05-21","2015","05","21","†","5.9","","0.0","","3.0","","15.0","","0.0","","","M","","M","","M","","","9","","35",""
"2015-05-22","2015","05","22","†","7.3","","0.4","","3.9","","14.1","","0.0","","","M","","M","","M","","","28","","43",""
"2015-05-23","2015","05","23","†","9.9","","0.1","","5.0","","13.0","","0.0","","","M","","M","","M","","","9","","59",""
"2015-05-24","2015","05","24","†","5.3","","0.4","","2.9","","15.1","","0.0","","","M","","M","","M","","","9","","67",""
"2015-05-25","2015","05","25","†","6.6","","0.0","","3.3","","14.7","","0.0","","","M","","M","","M","","","9","","63",""
"2015-05-26","2015","05","26","†","7.2","","0.7","","4.0","","14.0","","0.0","","","M","","M","","M","","","9","","52",""
"2015-05-27","2015","05","27","†","13.3","","0.0","","6.7","","11.3","","0.0","","","M","","M","","M","","","9","","56",""
"2015-05-28","2015","05","28","†","6.3","","-1.6","","2.4","","15.6","","0.0","","","M","","M","","M","","","","","<31",""
"2015-05-29","2015","05","29","†","1.0","","-1.8","","-0.4","","18.4","","0.0","","","M","","M","","M","","","28","","32",""
"2015-05-30","2015","05","30","†","0.8","","-0.7","","0.1","","17.9","","0.0","","","M","","M","","M","","","28","","35",""
"2015-05-31","2015","05","31","†","0.1","","-2.5","","-1.2","","19.2","","0.0","","","M","","M","","M","","","","","<31",""
"2015-06-01","2015","06","01","†","-0.1","","-3.3","","-1.7","","19.7","","0.0","","","M","","M","","M","","","28","","65",""
"2015-06-02","2015","06","02","†","0.8","","-3.3","","-1.3","","19.3","","0.0","","","M","","M","","M","","","9","","39",""
"2015-06-03","2015","06","03","†","","M","-4.2","E","","M","","M","","M","","M","","","","M","","","","M","","M"
"2015-06-04","2015","06","04","†","4.4","E","","M","","M","","M","","M","","M","","M","","M","","","","","<31",""
"2015-06-05","2015","06","05","†","3.1","","0.8","","2.0","","16.0","","0.0","","","M","","M","","M","","","9","","44",""
"2015-06-06","2015","06","06","†","2.0","","0.4","","1.2","","16.8","","0.0","","","M","","M","","M","","","","","<31",""
"2015-06-07","2015","06","07","†","8.4","","1.4","","4.9","","13.1","","0.0","","","M","","M","","M","","","9","","39",""
"2015-06-08","2015","06","08","†","9.5","","0.1","","4.8","","13.2","","0.0","","","M","","M","","M","","","8","","32",""
"2015-06-09","2015","06","09","†","10.5","","2.5","","6.5","","11.5","","0.0","","","M","","M","","M","","","13","","32",""
"2015-06-10","2015","06","10","†","20.8","","1.0","","10.9","","7.1","","0.0","","","M","","M","","M","","","18","","43",""
"2015-06-11","2015","06","11","†","7.7","","1.1","","4.4","","13.6","","0.0","","","M","","M","","M","","","26","","57",""
"2015-06-12","2015","06","12","†","6.4","","0.5","","3.5","","14.5","","0.0","","","M","","M","","M","","","","","<31",""
"2015-06-13","2015","06","13","†","16.9","","1.2","","9.1","","8.9","","0.0","","","M","","M","","M","","","8","","33",""
"2015-06-14","2015","06","14","†","13.6","","3.3","","8.5","","9.5","","0.0","","","M","","M","","M","","","27","","35",""
"2015-06-15","2015","06","15","†","15.5","","3.4","","9.5","","8.5","","0.0","","","M","","M","","M","","","28","","57",""
"2015-06-16","2015","06","16","†","10.2","","2.4","","6.3","","11.7","","0.0","","","M","","M","","M","","","27","","50",""
"2015-06-17","2015","06","17","†","16.4","","2.8","","9.6","","8.4","","0.0","","","M","","M","","M","","","","","<31",""
"2015-06-18","2015","06","18","†","14.3","","3.1","","8.7","","9.3","","0.0","","","M","","M","","M","","","29","","37",""
"2015-06-19","2015","06","19","†","10.8","","0.3","","5.6","","12.4","","0.0","","","M","","M","","M","","","","","<31",""
"2015-06-20","2015","06","20","†","19.5","","3.0","","11.3","","6.7","","0.0","","","M","","M","","M","","","","","<31",""
"2015-06-21","2015","06","21","†","25.0","","5.5","","15.3","","2.7","","0.0","","","M","","M","","M","","","10","","32",""
"2015-06-22","2015","06","22","†","23.1","","4.6","","13.9","","4.1","","0.0","","","M","","M","","M","","","26","","39",""
"2015-06-23","2015","06","23","†","19.7","","-0.8","","9.5","","8.5","","0.0","","","M","","M","","M","","","","","<31",""
"2015-06-24","2015","06","24","†","25.7","","5.8","","15.8","","2.2","","0.0","","","M","","M","","M","","","29","","39",""
"2015-06-25","2015","06","25","†","19.0","","5.0","","12.0","","6.0","","0.0","","","M","","M","","M","","","9","","43",""
"2015-06-26","2015","06","26","†","13.3","","3.0","","8.2","","9.8","","0.0","","","M","","M","","M","","","10","","33",""
"2015-06-27","2015","06","27","†","7.1","","1.2","","4.2","","13.8","","0.0","","","M","","M","","M","","","28","","37",""
"2015-06-28","2015","06","28","†","9.1","","1.7","","5.4","","12.6","","0.0","","","M","","M","","M","","","10","","48",""
"2015-06-29","2015","06","29","†","17.9","","6.4","","12.2","","5.8","","0.0","","","M","","M","","M","","","9","","37",""
"2015-06-30","2015","06","30","†","22.0","","9.2","","15.6","","2.4","","0.0","","","M","","M","","M","","","10","","39",""
"2015-07-01","2015","07","01","†","15.9","","2.7","","9.3","","8.7","","0.0","","","M","","M","","M","","","27","","39",""
"2015-07-02","2015","07","02","†","8.0","","3.8","","5.9","","12.1","","0.0","","","M","","M","","M","","","","","<31",""
"2015-07-03","2015","07","03","†","10.1","","2.7","","6.4","","11.6","","0.0","","","M","","M","","M","","","","","<31",""
"2015-07-04","2015","07","04","†","6.1","","4.2","","5.2","","12.8","","0.0","","","M","","M","","M","","","","","<31",""
"2015-07-05","2015","07","05","†","12.2","","3.8","","8.0","","10.0","","0.0","","","M","","M","","M","","","9","","39",""
"2015-07-06","2015","07","06","†","19.2","","7.3","","13.3","","4.7","","0.0","","","M","","M","","M","","","9","","41",""
"2015-07-07","2015","07","07","†","14.5","","5.1","","9.8","","8.2","","0.0","","","M","","M","","M","","","6","","43",""
"2015-07-08","2015","07","08","†","6.2","","2.0","","4.1","","13.9","","0.0","","","M","","M","","M","","","","","<31",""
"2015-07-09","2015","07","09","†","6.0","","2.7","","4.4","","13.6","","0.0","","","M","","M","","M","","","","","<31",""
"2015-07-10","2015","07","10","†","6.5","","3.3","","4.9","","13.1","","0.0","","","M","","M","","M","","","","","<31",""
"2015-07-11","2015","07","11","†","8.2","","3.9","","6.1","","11.9","","0.0","","","M","","M","","M","","","10","","39",""
"2015-07-12","2015","07","12","†","16.0","","3.8","","9.9","","8.1","","0.0","","","M","","M","","M","","","9","","54",""
"2015-07-13","2015","07","13","†","11.2","","4.6","","7.9","","10.1","","0.0","","","M","","M","","M","","","","","<31",""
"2015-07-14","2015","07","14","†","9.5","","3.2","","6.4","","11.6","","0.0","","","M","","M","","M","","","","","<31",""
"2015-07-15","2015","07","15","†","12.5","","7.2","","9.9","","8.1","","0.0","","","M","","M","","M","","","10","","44",""
"2015-07-16","2015","07","16","†","20.5","","6.8","","13.7","","4.3","","0.0","","","M","","M","","M","","","9","","43",""
"2015-07-17","2015","07","17","†","23.9","","12.2","","18.1","","0.0","","0.1","","","M","","M","","M","","","9","","46",""
"2015-07-18","2015","07","18","†","16.4","","6.5","","11.5","","6.5","","0.0","","","M","","M","","M","","","26","","39",""
"2015-07-19","2015","07","19","†","10.1","","6.0","","8.1","","9.9","","0.0","","","M","","M","","M","","","","","<31",""
"2015-07-20","2015","07","20","†","8.7","","6.8","","7.8","","10.2","","0.0","","","M","","M","","M","","","","","<31",""
"2015-07-21","2015","07","21","†","12.9","","6.4","","9.7","","8.3","","0.0","","","M","","M","","M","","","7","","37",""
"2015-07-22","2015","07","22","†","12.2","","6.2","","9.2","","8.8","","0.0","","","M","","M","","M","","","6","","43",""
"2015-07-23","2015","07","23","†","","M","8.6","E","","M","","M","","M","","M","","M","","M","","","","","<31",""
"2015-07-24","2015","07","24","†","7.8","","4.7","","6.3","","11.7","","0.0","","","M","","M","","M","","","30","","54",""
"2015-07-25","2015","07","25","†","7.2","","4.2","","5.7","","12.3","","0.0","","","M","","M","","M","","","28","","44",""
"2015-07-26","2015","07","26","†","8.0","","4.1","","6.1","","11.9","","0.0","","","M","","M","","M","","","","","<31",""
"2015-07-27","2015","07","27","†","9.2","","6.4","","7.8","","10.2","","0.0","","","M","","M","","M","","","","","<31",""
"2015-07-28","2015","07","28","†","7.9","","5.9","","6.9","","11.1","","0.0","","","M","","M","","M","","","29","","39",""
"2015-07-29","2015","07","29","†","6.9","","4.8","","5.9","","12.1","","0.0","","","M","","M","","M","","","","","<31",""
"2015-07-30","2015","07","30","†","12.0","","3.4","","7.7","","10.3","","0.0","","","M","","M","","M","","","9","","41",""
"2015-07-31","2015","07","31","†","19.0","","8.2","","13.6","","4.4","","0.0","","","M","","M","","M","","","10","","33",""
"2015-08-01","2015","08","01","†","13.3","","5.4","","9.4","","8.6","","0.0","","","M","","M","","M","","","30","","46",""
"2015-08-02","2015","08","02","†","16.8","","4.3","","10.6","","7.4","","0.0","","","M","","M","","M","","","","","<31",""
"2015-08-03","2015","08","03","†","15.9","","10.1","","13.0","","5.0","","0.0","","","M","","M","","M","","","30","","52",""
"2015-08-04","2015","08","04","†","14.8","","6.2","","10.5","","7.5","","0.0","","","M","","M","","M","","","29","","41",""
"2015-08-05","2015","08","05","†","6.2","","2.1","","4.2","","13.8","","0.0","","","M","","M","","M","","","30","","39",""
"2015-08-06","2015","08","06","†","5.2","","0.9","","3.1","","14.9","","0.0","","","M","","M","","M","","","31","","48",""
"2015-08-07","2015","08","07","†","18.5","","0.4","","9.5","","8.5","","0.0","","","M","","M","","M","","","11","","54",""
"2015-08-08","2015","08","08","†","20.2","","4.2","","12.2","","5.8","","0.0","","","M","","M","","M","","","28","","43",""
"2015-08-09","2015","08","09","†","12.2","","5.7","","9.0","","9.0","","0.0","","","M","","M","","M","","","6","","41",""
"2015-08-10","2015","08","10","†","6.9","","4.0","","5.5","","12.5","","0.0","","","M","","M","","M","","","28","","70",""
"2015-08-11","2015","08","11","†","4.9","","2.9","","3.9","","14.1","","0.0","","","M","","M","","M","","","26","","70",""
"2015-08-12","2015","08","12","†","5.6","","1.8","","3.7","","14.3","","0.0","","","M","","M","","M","","","28","","41",""
"2015-08-13","2015","08","13","†","13.5","","0.4","","7.0","","11.0","","0.0","","","M","","M","","M","","","","","<31",""
"2015-08-14","2015","08","14","†","12.3","","8.1","","10.2","","7.8","","0.0","","","M","","M","","M","","","","","<31",""
"2015-08-15","2015","08","15","†","11.9","","4.8","","8.4","","9.6","","0.0","","","M","","M","","M","","","","","<31",""
"2015-08-16","2015","08","16","†","4.9","","2.2","","3.6","","14.4","","0.0","","","M","","M","","M","","","30","","32",""
"2015-08-17","2015","08","17","†","7.8","","2.6","","5.2","","12.8","","0.0","","","M","","M","","M","","","9","","52",""
"2015-08-18","2015","08","18","†","6.4","","1.6","","4.0","","14.0","","0.0","","","M","","M","","M","","","7","","46",""
"2015-08-19","2015","08","19","†","4.5","","0.5","","2.5","","15.5","","0.0","","","M","","M","","M","","","7","","43",""
"2015-08-20","2015","08","20","†","7.9","","1.2","","4.6","","13.4","","0.0","","","M","","M","","M","","","10","","44",""
"2015-08-21","2015","08","21","†","9.6","","4.5","","7.1","","10.9","","0.0","","","M","","M","","M","","","9","","50",""
"2015-08-22","2015","08","22","†","15.7","","2.7","","9.2","","8.8","","0.0","","","M","","M","","M","","","10","","52",""
"2015-08-23","2015","08","23","†","7.8","","1.7","","4.8","","13.2","","0.0","","","M","","M","","M","","","","","<31",""
"2015-08-24","2015","08","24","†","5.7","","-1.1","","2.3","","15.7","","0.0","","","M","","M","","M","","","9","","32",""
"2015-08-25","2015","08","25","†","17.4","","0.3","","8.9","","9.1","","0.0","","","M","","M","","M","","","11","","37",""
"2015-08-26","2015","08","26","†","16.1","","4.5","","10.3","","7.7","","0.0","","","M","","M","","M","","","26","","41",""
"2015-08-27","2015","08","27","†","8.8","","2.3","","5.6","","12.4","","0.0","","","M","","M","","M","","","28","","59",""
"2015-08-28","2015","08","28","†","7.5","","2.4","","5.0","","13.0","","0.0","","","M","","M","","M","","","28","","46",""
"2015-08-29","2015","08","29","†","9.5","","0.7","","5.1","","12.9","","0.0","","","M","","M","","M","","","10","","44",""
"2015-08-30","2015","08","30","†","3.9","","-1.5","","1.2","","16.8","","0.0","","","M","","M","","M","","","28","","61",""
"2015-08-31","2015","08","31","†","2.9","","0.4","","1.7","","16.3","","0.0","","","M","","M","","M","","","28","","93",""
"2015-09-01","2015","09","01","†","3.1","","1.1","","2.1","","15.9","","0.0","","","M","","M","","M","","","28","","93",""
"2015-09-02","2015","09","02","†","7.4","","-0.2","","3.6","","14.4","","0.0","","","M","","M","","M","","","28","","37",""
"2015-09-03","2015","09","03","†","5.5","","1.3","","3.4","","14.6","","0.0","","","M","","M","","M","","","9","","50",""
"2015-09-04","2015","09","04","†","6.2","","1.6","","3.9","","14.1","","0.0","","","M","","M","","M","","","11","","50",""
"2015-09-05","2015","09","05","†","6.5","","-3.4","","1.6","","16.4","","0.0","","","M","","M","","M","","","10","","43",""
"2015-09-06","2015","09","06","†","7.7","","-4.7","","1.5","","16.5","","0.0","","","M","","M","","M","","","","","<31",""
"2015-09-07","2015","09","07","†","3.5","","-1.2","","1.2","","16.8","","0.0","","","M","","M","","M","","","","","<31",""
"2015-09-08","2015","09","08","†","2.2","","0.0","","1.1","","16.9","","0.0","","","M","","M","","M","","","28","","35",""
"2015-09-09","2015","09","09","†","3.1","","-1.0","","1.1","","16.9","","0.0","","","M","","M","","M","","","8","","35",""
"2015-09-10","2015","09","10","†","2.2","","-0.3","","1.0","","17.0","","0.0","","","M","","M","","M","","","7","","50",""
"2015-09-11","2015","09","11","†","5.1","","2.1","","3.6","","14.4","","0.0","","","M","","M","","M","","","7","","44",""
"2015-09-12","2015","09","12","†","9.1","","-0.4","","4.4","","13.6","","0.0","","","M","","M","","M","","","27","","44",""
"2015-09-13","2015","09","13","†","8.5","","0.9","","4.7","","13.3","","0.0","","","M","","M","","M","","","27","","41",""
"2015-09-14","2015","09","14","†","2.3","","-2.3","","0.0","","18.0","","0.0","","","M","","M","","M","","","","","<31",""
"2015-09-15","2015","09","15","†","2.6","","0.3","","1.5","","16.5","","0.0","","","M","","M","","M","","","5","","33",""
"2015-09-16","2015","09","16","†","2.1","","-0.3","","0.9","","17.1","","0.0","","","M","","M","","M","","","7","","32",""
"2015-09-17","2015","09","17","†","2.7","","-2.0","","0.4","","17.6","","0.0","","","M","","M","","M","","","","","<31",""
"2015-09-18","2015","09","18","†","0.9","","-1.0","","-0.1","","18.1","","0.0","","","M","","M","","M","","","27","","39",""
"2015-09-19","2015","09","19","†","0.1","","-2.5","","-1.2","","19.2","","0.0","","","M","","M","","M","","","30","","37",""
"2015-09-20","2015","09","20","†","-0.6","","-3.0","","-1.8","","19.8","","0.0","","","M","","M","","M","","","","","<31",""
"2015-09-21","2015","09","21","†","-1.0","","-7.0","","-4.0","","22.0","","0.0","","","M","","M","","M","","","8","","37",""
"2015-09-22","2015","09","22","†","-1.0","","-6.3","","-3.7","","21.7","","0.0","","","M","","M","","M","","","","","<31",""
"2015-09-23","2015","09","23","†","-2.2","","-6.8","","-4.5","","22.5","","0.0","","","M","","M","","M","","","10","","37",""
"2015-09-24","2015","09","24","†","4.6","","-7.3","","-1.4","","19.4","","0.0","","","M","","M","","M","","","12","","52",""
"2015-09-25","2015","09","25","†","4.0","","-7.3","","-1.7","","19.7","","0.0","","","M","","M","","M","","","18","","52",""
"2015-09-26","2015","09","26","†","0.2","","-2.6","","-1.2","","19.2","","0.0","","","M","","M","","M","","","28","","50",""
"2015-09-27","2015","09","27","†","2.0","","-8.0","","-3.0","","21.0","","0.0","","","M","","M","","M","","","11","","41",""
"2015-09-28","2015","09","28","†","6.4","","-1.4","","2.5","","15.5","","0.0","","","M","","M","","M","","","14","","87",""
"2015-09-29","2015","09","29","†","-1.2","","-3.2","","-2.2","","20.2","","0.0","","","M","","M","","M","","","26","","39",""
"2015-09-30","2015","09","30","†","-0.7","","-8.4","","-4.6","","22.6","","0.0","","","M","","M","","M","","","29","","50",""
"2015-10-01","2015","10","01","†","-1.0","","-8.2","","-4.6","","22.6","","0.0","","","M","","M","","M","","","27","","61",""
"2015-10-02","2015","10","02","†","0.2","","-10.9","","-5.4","","23.4","","0.0","","","M","","M","","M","","","","","<31",""
"2015-10-03","2015","10","03","†","3.3","","-5.1","","-0.9","","18.9","","0.0","","","M","","M","","M","","","","","<31",""
"2015-10-04","2015","10","04","†","2.5","","-2.7","","-0.1","","18.1","","0.0","","","M","","M","","M","","","","","<31",""
"2015-10-05","2015","10","05","†","-2.1","","-8.7","","-5.4","","23.4","","0.0","","","M","","M","","M","","","","","<31",""
"2015-10-06","2015","10","06","†","-3.1","","-16.6","","-9.9","","27.9","","0.0","","","M","","M","","M","","","10","","33",""
"2015-10-07","2015","10","07","†","-8.6","","-19.6","","-14.1","","32.1","","0.0","","","M","","M","","M","","","","","<31",""
"2015-10-08","2015","10","08","†","-9.2","","-20.0","","-14.6","","32.6","","0.0","","","M","","M","","M","","","10","","39",""
"2015-10-09","2015","10","09","†","-5.9","","-12.3","","-9.1","","27.1","","0.0","","","M","","M","","M","","","10","","37",""
"2015-10-10","2015","10","10","†","-5.9","","-11.3","","-8.6","","26.6","","0.0","","","M","","M","","M","","","11","","80",""
"2015-10-11","2015","10","11","†","-8.1","","-11.0","","-9.6","","27.6","","0.0","","","M","","M","","M","","","11","","76",""
"2015-10-12","2015","10","12","†","-5.2","","-11.5","","-8.4","","26.4","","0.0","","","M","","M","","M","","","11","","61",""
"2015-10-13","2015","10","13","†","-3.1","","-10.8","","-7.0","","25.0","","0.0","","","M","","M","","M","","","11","","37",""
"2015-10-14","2015","10","14","†","-1.4","","-5.5","","-3.5","","21.5","","0.0","","","M","","M","","M","","","27","","33",""
"2015-10-15","2015","10","15","†","-4.0","","-13.0","","-8.5","","26.5","","0.0","","","M","","M","","M","","","","","<31",""
"2015-10-16","2015","10","16","†","-3.2","","-16.4","","-9.8","","27.8","","0.0","","","M","","M","","M","","","11","","54",""
"2015-10-17","2015","10","17","†","-2.6","","-4.8","","-3.7","","21.7","","0.0","","","M","","M","","M","","","10","","44",""
"2015-10-18","2015","10","18","†","-3.5","","-5.0","","-4.3","","22.3","","0.0","","","M","","M","","M","","","11","","65",""
"2015-10-19","2015","10","19","†","-2.1","","-5.0","","-3.6","","21.6","","0.0","","","M","","M","","M","","","27","","67",""
"2015-10-20","2015","10","20","†","-3.8","","-8.5","","-6.2","","24.2","","0.0","","","M","","M","","M","","","11","","63",""
"2015-10-21","2015","10","21","†","-4.3","","-5.7","","-5.0","","23.0","","0.0","","","M","","M","","M","","","9","","56",""
"2015-10-22","2015","10","22","†","-3.7","","-5.0","","-4.4","","22.4","","0.0","","","M","","M","","M","","","9","","44",""
"2015-10-23","2015","10","23","†","-4.9","","-10.8","","-7.9","","25.9","","0.0","","","M","","M","","M","","","10","","72",""
"2015-10-24","2015","10","24","†","-6.2","","-13.1","","-9.7","","27.7","","0.0","","","M","","M","","M","","","11","","72",""
"2015-10-25","2015","10","25","†","-4.2","","-12.7","","-8.5","","26.5","","0.0","","","M","","M","","M","","","25","","33",""
"2015-10-26","2015","10","26","†","-3.5","","-6.5","","-5.0","","23.0","","0.0","","","M","","M","","M","","","","","<31",""
"2015-10-27","2015","10","27","†","-3.9","","-5.4","","-4.7","","22.7","","0.0","","","M","","M","","M","","","","","<31",""
"2015-10-28","2015","10","28","†","-5.1","","-8.9","","-7.0","","25.0","","0.0","","","M","","M","","M","","","9","","35",""
"2015-10-29","2015","10","29","†","-5.1","","-9.7","","-7.4","","25.4","","0.0","","","M","","M","","M","","","26","","41",""
"2015-10-30","2015","10","30","†","-8.3","","-15.3","","-11.8","","29.8","","0.0","","","M","","M","","M","","","26","","46",""
"2015-10-31","2015","10","31","†","-14.6","","-25.9","","-20.3","","38.3","","0.0","","","M","","M","","M","","","25","","35",""
"2015-11-01","2015","11","01","†","-14.8","","-28.1","","-21.5","","39.5","","0.0","","","M","","M","","M","","","10","","32",""
"2015-11-02","2015","11","02","†","-9.0","","-20.3","","-14.7","","32.7","","0.0","","","M","","M","","M","","","","","<31",""
"2015-11-03","2015","11","03","†","-6.2","","-12.3","","-9.3","","27.3","","0.0","","","M","","M","","M","","","","","<31",""
"2015-11-04","2015","11","04","†","-5.5","","-16.6","","-11.1","","29.1","","0.0","","","M","","M","","M","","","","","<31",""
"2015-11-05","2015","11","05","†","-9.2","","-17.8","","-13.5","","31.5","","0.0","","","M","","M","","M","","","10","","54",""
"2015-11-06","2015","11","06","†","-6.3","","-11.7","","-9.0","","27.0","","0.0","","","M","","M","","M","","","11","","61",""
"2015-11-07","2015","11","07","†","-5.3","","-9.2","","-7.3","","25.3","","0.0","","","M","","M","","M","","","9","","50",""
"2015-11-08","2015","11","08","†","-7.0","","-17.3","","-12.2","","30.2","","0.0","","","M","","M","","M","","","10","","52",""
"2015-11-09","2015","11","09","†","-4.0","","-17.1","","-10.6","","28.6","","0.0","","","M","","M","","M","","","25","","39",""
"2015-11-10","2015","11","10","†","-2.4","","-13.3","","-7.9","","25.9","","0.0","","","M","","M","","M","","","","","<31",""
"2015-11-11","2015","11","11","†","-8.4","","-16.3","","-12.4","","30.4","","0.0","","","M","","M","","M","","","","","<31",""
"2015-11-12","2015","11","12","†","-9.4","","-14.8","","-12.1","","30.1","","0.0","","","M","","M","","M","","","28","","46",""
"2015-11-13","2015","11","13","†","-14.6","","-21.2","","-17.9","","35.9","","0.0","","","M","","M","","M","","","28","","54",""
"2015-11-14","2015","11","14","†","-17.8","","-24.2","","-21.0","","39.0","","0.0","","","M","","M","","M","","","25","","33",""
"2015-11-15","2015","11","15","†","-19.3","","-27.8","","-23.6","","41.6","","0.0","","","M","","M","","M","","","","","<31",""
"2015-11-16","2015","11","16","†","-19.4","","-26.1","","-22.8","","40.8","","0.0","","","M","","M","","M","","","","","<31",""
"2015-11-17","2015","11","17","†","-19.4","","-23.8","","-21.6","","39.6","","0.0","","","M","","M","","M","","","27","","43",""
"2015-11-18","2015","11","18","†","-21.2","","-26.0","","-23.6","","41.6","","0.0","","","M","","M","","M","","","26","","43",""
"2015-11-19","2015","11","19","†","-21.7","","-26.5","","-24.1","","42.1","","0.0","","","M","","M","","M","","","10","","46",""
"2015-11-20","2015","11","20","†","-18.9","","-26.6","","-22.8","","40.8","","0.0","","","M","","M","","M","","","26","","41",""
"2015-11-21","2015","11","21","†","-16.1","","-21.4","","-18.8","","36.8","","0.0","","","M","","M","","M","","","","","<31",""
"2015-11-22","2015","11","22","†","-15.8","","-18.6","","-17.2","","35.2","","0.0","","","M","","M","","M","","","26","","32",""
"2015-11-23","2015","11","23","†","-12.0","","-26.7","","-19.4","","37.4","","0.0","","","M","","M","","M","","","11","","46",""
"2015-11-24","2015","11","24","†","-12.0","","-23.2","","-17.6","","35.6","","0.0","","","M","","M","","M","","","12","","41",""
"2015-11-25","2015","11","25","†","-5.7","","-20.7","","-13.2","","31.2","","0.0","","","M","","M","","M","","","","","<31",""
"2015-11-26","2015","11","26","†","-4.3","","-15.2","","-9.8","","27.8","","0.0","","","M","","M","","M","","","28","","37",""
"2015-11-27","2015","11","27","†","-7.6","","-14.4","","-11.0","","29.0","","0.0","","","M","","M","","M","","","10","","63",""
"2015-11-28","2015","11","28","†","-10.6","","-14.4","","-12.5","","30.5","","0.0","","","M","","M","","M","","","9","","74",""
"2015-11-29","2015","11","29","†","-13.1","","-16.4","","-14.8","","32.8","","0.0","","","M","","M","","M","","","9","","52",""
"2015-11-30","2015","11","30","†","-14.4","","-18.7","","-16.6","","34.6","","0.0","","","M","","M","","M","","","10","","44",""
"2015-12-01","2015","12","01","†","-16.8","","-21.2","","-19.0","","37.0","","0.0","","","M","","M","","M","","","9","","52",""
"2015-12-02","2015","12","02","†","-21.2","","-27.7","","-24.5","","42.5","","0.0","","","M","","M","","M","","","8","","32",""
"2015-12-03","2015","12","03","†","-25.1","","-33.1","","-29.1","","47.1","","0.0","","","M","","M","","M","","","","","<31",""
"2015-12-04","2015","12","04","†","-26.6","","-32.5","","-29.6","","47.6","","0.0","","","M","","M","","M","","","26","","32",""
"2015-12-05","2015","12","05","†","-28.7","","-38.3","","-33.5","","51.5","","0.0","","","M","","M","","M","","","","","<31",""
"2015-12-06","2015","12","06","†","-27.2","","-38.7","","-33.0","","51.0","","0.0","","","M","","M","","M","","","9","","70",""
"2015-12-07","2015","12","07","†","-23.7","","-33.5","","-28.6","","46.6","","0.0","","","M","","M","","M","","","10","","72",""
"2015-12-08","2015","12","08","†","-23.6","","-32.3","","-28.0","","46.0","","0.0","","","M","","M","","M","","","10","","44",""
"2015-12-09","2015","12","09","†","-24.0","","-27.1","","-25.6","","43.6","","0.0","","","M","","M","","M","","","","","<31",""
"2015-12-10","2015","12","10","†","-23.4","","-30.5","","-27.0","","45.0","","0.0","","","M","","M","","M","","","27","","44",""
"2015-12-11","2015","12","11","†","-25.9","","-32.7","","-29.3","","47.3","","0.0","","","M","","M","","M","","","9","","52",""
"2015-12-12","2015","12","12","†","-20.6","","-30.5","","-25.6","","43.6","","0.0","","","M","","M","","M","","","11","","63",""
"2015-12-13","2015","12","13","†","-16.8","","-22.9","","-19.9","","37.9","","0.0","","","M","","M","","M","","","10","","52",""
"2015-12-14","2015","12","14","†","-16.6","","-21.9","","-19.3","","37.3","","0.0","","","M","","M","","M","","","9","","65",""
"2015-12-15","2015","12","15","†","-16.2","","-23.6","","-19.9","","37.9","","0.0","","","M","","M","","M","","","10","","67",""
"2015-12-16","2015","12","16","†","-21.5","","-25.7","","-23.6","","41.6","","0.0","","","M","","M","","M","","","10","","57",""
"2015-12-17","2015","12","17","†","-16.3","","-25.9","","-21.1","","39.1","","0.0","","","M","","M","","M","","","11","","54",""
"2015-12-18","2015","12","18","†","-18.0","","-23.5","","-20.8","","38.8","","0.0","","","M","","M","","M","","","11","","61",""
"2015-12-19","2015","12","19","†","-15.8","","-23.8","","-19.8","","37.8","","0.0","","","M","","M","","M","","","28","","43",""
"2015-12-20","2015","12","20","†","-16.7","","-20.1","","-18.4","","36.4","","0.0","","","M","","M","","M","","","26","","54",""
"2015-12-21","2015","12","21","†","-17.8","","-23.2","","-20.5","","38.5","","0.0","","","M","","M","","M","","","26","","56",""
"2015-12-22","2015","12","22","†","-22.3","","-28.7","","-25.5","","43.5","","0.0","","","M","","M","","M","","","","","<31",""
"2015-12-23","2015","12","23","†","-25.8","","-29.7","","-27.8","","45.8","","0.0","","","M","","M","","M","","","27","","37",""
"2015-12-24","2015","12","24","†","-25.4","","-31.9","","-28.7","","46.7","","0.0","","","M","","M","","M","","","27","","43",""
"2015-12-25","2015","12","25","†","-25.9","","-34.0","","-30.0","","48.0","","0.0","","","M","","M","","M","","","27","","56",""
"2015-12-26","2015","12","26","†","-28.9","","-33.0","","-31.0","","49.0","","0.0","","","M","","M","","M","","","11","","65",""
"2015-12-27","2015","12","27","†","-14.3","","-32.7","","-23.5","","41.5","","0.0","","","M","","M","","M","","","11","","78",""
"2015-12-28","2015","12","28","†","-19.1","","-27.4","","-23.3","","41.3","","0.0","","","M","","M","","M","","","","","<31",""
"2015-12-29","2015","12","29","†","-20.8","","-24.7","","-22.8","","40.8","","0.0","","","M","","M","","M","","","27","","35",""
"2015-12-30","2015","12","30","†","-16.2","","-23.8","","-20.0","","38.0","","0.0","","","M","","M","","M","","","10","","39",""
"2015-12-31","2015","12","31","†","-15.0","","-22.1","","-18.6","","36.6","","0.0","","","M","","M","","M","","","10","","63",""
