"Station Name","HERSCHEL ISLAND"
"Province","YUKON TERRITORY"
"Latitude","69.57"
"Longitude","-138.91"
"Elevation","1.20"
"Climate Identifier","2100636"
"WMO Identifier","71501"
"TC Identifier","WJN"

"Legend"
"A","Accumulated"
"C","Precipitation occurred, amount uncertain"
"E","Estimated"
"F","Accumulated and estimated"
"L","Precipitation may or may not have occurred"
"M","Missing"
"N","Temperature missing but known to be > 0"
"S","More than one occurrence"
"T","Trace"
"Y","Temperature missing but known to be < 0"
"[empty]","No data available"
"^","The value displayed is based on incomplete data"
"†","Data for this day has undergone only basic quality checking"
"‡","Partner data that is not subject to review by the National Climate Archives"

"Date/Time","Year","Month","Day","Data Quality","Max Temp (°C)","Max Temp Flag","Min Temp (°C)","Min Temp Flag","Mean Temp (°C)","Mean Temp Flag","Heat Deg Days (°C)","Heat Deg Days Flag","Cool Deg Days (°C)","Cool Deg Days Flag","Total Rain (mm)","Total Rain Flag","Total Snow (cm)","Total Snow Flag","Total Precip (mm)","Total Precip Flag","Snow on Grnd (cm)","Snow on Grnd Flag","Dir of Max Gust (10s deg)","Dir of Max Gust Flag","Spd of Max Gust (km/h)","Spd of Max Gust Flag"
"2012-01-01","2012","01","01","†","-28.1","","-37.4","","-32.8","","50.8","","0.0","","","M","","M","1.7","","59","","","","<31",""
"2012-01-02","2012","01","02","†","-21.0","","-31.1","","-26.1","","44.1","","0.0","","","M","","M","1.0","","59","","31","","61",""
"2012-01-03","2012","01","03","†","-25.5","","-33.2","","-29.4","","47.4","","0.0","","","M","","M","0.8","","52","","31","","59",""
"2012-01-04","2012","01","04","†","-26.1","","-32.8","","-29.5","","47.5","","0.0","","","M","","M","0.2","","52","","","","<31",""
"2012-01-05","2012","01","05","†","-22.1","","-26.1","","-24.1","","42.1","","0.0","","0.0","","","M","1.2","","52","","11","","37",""
"2012-01-06","2012","01","06","†","-21.9","","-30.2","","-26.1","","44.1","","0.0","","","M","","M","0.2","","51","","","","<31",""
"2012-01-07","2012","01","07","†","-23.2","","-32.7","","-28.0","","46.0","","0.0","","","M","","M","0.0","","52","","31","","44",""
"2012-01-08","2012","01","08","†","-24.2","","-30.5","","-27.4","","45.4","","0.0","","","M","","M","2.6","","58","","","","<31",""
"2012-01-09","2012","01","09","†","-23.3","","-31.8","","-27.6","","45.6","","0.0","","","M","","M","0.4","","58","","30","","39",""
"2012-01-10","2012","01","10","†","-19.8","","-34.7","","-27.3","","45.3","","0.0","","","M","","M","2.2","","59","","23","","37",""
"2012-01-11","2012","01","11","†","-21.9","","-30.0","","-26.0","","44.0","","0.0","","","M","","M","0.0","","59","","31","","98",""
"2012-01-12","2012","01","12","†","-22.1","","-25.2","","-23.7","","41.7","","0.0","","0.0","","","M","2.3","","51","","31","","91",""
"2012-01-13","2012","01","13","†","-24.9","","-29.6","","-27.3","","45.3","","0.0","","","M","","M","0.4","","52","","","","<31",""
"2012-01-14","2012","01","14","†","-21.0","","-29.9","","-25.5","","43.5","","0.0","","","M","","M","1.3","","52","","31","","85",""
"2012-01-15","2012","01","15","†","-25.1","","-30.0","","-27.6","","45.6","","0.0","","","M","","M","1.2","","","","32","","74",""
"2012-01-16","2012","01","16","†","-18.5","","-26.2","","-22.4","","40.4","","0.0","","","M","","M","","M","","","","","<31",""
"2012-01-17","2012","01","17","†","-17.0","","-19.2","","-18.1","","36.1","","0.0","","","M","","M","","M","","","30","","120",""
"2012-01-18","2012","01","18","†","-13.3","","-19.1","","-16.2","","34.2","","0.0","","","M","","M","4.4","","","","32","","117",""
"2012-01-19","2012","01","19","†","-15.0","","-18.3","","-16.7","","34.7","","0.0","","","M","","M","3.1","","","","31","","82",""
"2012-01-20","2012","01","20","†","-14.2","","-17.8","","-16.0","","34.0","","0.0","","","M","","M","4.6","","","","32","","87",""
"2012-01-21","2012","01","21","†","-17.8","","-29.5","","-23.7","","41.7","","0.0","","","M","","M","2.1","","","","31","","65",""
"2012-01-22","2012","01","22","†","-29.5","","-36.3","","-32.9","","50.9","","0.0","","","M","","M","","M","","","34","","44",""
"2012-01-23","2012","01","23","†","-34.4","","-36.1","","-35.3","","53.3","","0.0","","","M","","M","","M","","","31","","63",""
"2012-01-24","2012","01","24","†","-35.2","","-37.0","","-36.1","","54.1","","0.0","","","M","","M","0.8","","","","","","<31",""
"2012-01-25","2012","01","25","†","-34.8","","-37.4","","-36.1","","54.1","","0.0","","","M","","M","1.2","","","","31","","54",""
"2012-01-26","2012","01","26","†","-33.1","","-34.9","","-34.0","","52.0","","0.0","","","M","","M","2.7","","","","32","","63",""
"2012-01-27","2012","01","27","†","-31.1","","-35.0","","-33.1","","51.1","","0.0","","","M","","M","0.0","","","","31","","63",""
"2012-01-28","2012","01","28","†","-31.1","","-40.5","","-35.8","","53.8","","0.0","","","M","","M","0.0","","","","","","<31",""
"2012-01-29","2012","01","29","†","-33.4","","-42.5","","-38.0","","56.0","","0.0","","","M","","M","1.2","","","","","","<31",""
"2012-01-30","2012","01","30","†","-31.3","","-38.5","","-34.9","","52.9","","0.0","","","M","","M","0.4","","","","","","<31",""
"2012-01-31","2012","01","31","†","-35.7","","-40.8","","-38.3","","56.3","","0.0","","","M","","M","1.0","","","","","","<31",""
"2012-02-01","2012","02","01","†","-33.4","","-42.8","","-38.1","","56.1","","0.0","","","M","","M","1.1","","","","","","<31",""
"2012-02-02","2012","02","02","†","-28.2","","-33.4","","-30.8","","48.8","","0.0","","","M","","M","0.9","","","","31","","33",""
"2012-02-03","2012","02","03","†","-25.6","","-32.6","","-29.1","","47.1","","0.0","","","M","","M","0.7","","","","31","","74",""
"2012-02-04","2012","02","04","†","-18.3","","-32.6","","-25.5","","43.5","","0.0","","","M","","M","1.2","","","","32","","69",""
"2012-02-05","2012","02","05","†","-8.3","","-19.0","","-13.7","","31.7","","0.0","","","M","","M","0.6","","","","18","","72",""
"2012-02-06","2012","02","06","†","-6.2","","-21.7","","-14.0","","32.0","","0.0","","","M","","M","0.6","","79","","","","<31",""
"2012-02-07","2012","02","07","†","-20.4","","-23.2","","-21.8","","39.8","","0.0","","","M","","M","0.8","","79","","","","<31",""
"2012-02-08","2012","02","08","†","-15.9","E","-23.2","E","-19.6","E","37.6","E","0.0","E","","M","","M","","M","80","","","","<31",""
"2012-02-09","2012","02","09","†","-3.3","","-16.8","","-10.1","","28.1","","0.0","","","M","","M","0.2","","76","","23","","46",""
"2012-02-10","2012","02","10","†","-9.6","","-17.9","","-13.8","","31.8","","0.0","","","M","","M","0.9","","76","","13","","35",""
"2012-02-11","2012","02","11","†","-11.7","","-18.0","","-14.9","","32.9","","0.0","","","M","","M","0.0","","77","","32","","50",""
"2012-02-12","2012","02","12","†","-12.9","","-16.5","","-14.7","","32.7","","0.0","","","M","","M","0.0","","75","","","","<31",""
"2012-02-13","2012","02","13","†","-13.8","","-16.7","","-15.3","","33.3","","0.0","","","M","","M","","M","75","","","","<31",""
"2012-02-14","2012","02","14","†","-13.8","","-15.6","","-14.7","","32.7","","0.0","","","M","","M","0.0","","74","","","","<31",""
"2012-02-15","2012","02","15","†","-13.5","","-18.8","","-16.2","","34.2","","0.0","","","M","","M","0.0","","74","","","","<31",""
"2012-02-16","2012","02","16","†","-13.7","","-17.4","","-15.6","","33.6","","0.0","","","M","","M","0.0","","76","","","","<31",""
"2012-02-17","2012","02","17","†","-15.1","","-24.0","","-19.6","","37.6","","0.0","","","M","","M","0.7","","81","","","","<31",""
"2012-02-18","2012","02","18","†","-16.9","","-24.9","","-20.9","","38.9","","0.0","","","M","","M","1.5","","79","","","","<31",""
"2012-02-19","2012","02","19","†","-16.7","","-24.1","","-20.4","","38.4","","0.0","","","M","","M","0.2","","","","","","<31",""
"2012-02-20","2012","02","20","†","-20.2","","-24.4","","-22.3","","40.3","","0.0","","","M","","M","0.2","","","","","","<31",""
"2012-02-21","2012","02","21","†","-17.5","","-21.0","","-19.3","","37.3","","0.0","","","M","","M","0.4","","","","","","<31",""
"2012-02-22","2012","02","22","†","-18.7","","-24.2","","-21.5","","39.5","","0.0","","","M","","M","0.0","","","","","","<31",""
"2012-02-23","2012","02","23","†","-24.2","","-30.2","","-27.2","","45.2","","0.0","","","M","","M","1.4","","","","","","<31",""
"2012-02-24","2012","02","24","†","-23.4","","-29.4","","-26.4","","44.4","","0.0","","0.0","","","M","1.4","","78","","32","","33",""
"2012-02-25","2012","02","25","†","-27.2","","-33.4","","-30.3","","48.3","","0.0","","","M","","M","0.4","","79","","34","","32",""
"2012-02-26","2012","02","26","†","-31.6","","-39.5","","-35.6","","53.6","","0.0","","0.0","","","M","1.7","","78","","","","<31",""
"2012-02-27","2012","02","27","†","-29.6","","-32.5","","-31.1","","49.1","","0.0","","","M","","M","0.0","","77","","32","","52",""
"2012-02-28","2012","02","28","†","-32.2","E","-35.1","E","-33.7","E","51.7","E","0.0","E","","M","","M","","M","86","","","","<31",""
"2012-02-29","2012","02","29","†","-27.7","","-30.6","","-29.2","","47.2","","0.0","","","M","","M","0.0","","93","","32","","37",""
"2012-03-01","2012","03","01","†","-27.0","","-27.7","","-27.4","","45.4","","0.0","","","M","","M","0.0","","93","","","","<31",""
"2012-03-02","2012","03","02","†","-26.1","","-27.0","","-26.6","","44.6","","0.0","","","M","","M","0.2","","93","","32","","37",""
"2012-03-03","2012","03","03","†","-25.5","","-26.1","","-25.8","","43.8","","0.0","","","M","","M","0.0","","92","","33","","48",""
"2012-03-04","2012","03","04","†","-24.6","","-25.5","","-25.1","","43.1","","0.0","","","M","","M","","M","89","","","","<31",""
"2012-03-05","2012","03","05","†","-23.7","","-24.6","","-24.2","","42.2","","0.0","","","M","","M","0.8","","86","","30","","52",""
"2012-03-06","2012","03","06","†","-23.7","","-24.2","","-24.0","","42.0","","0.0","","","M","","M","0.9","","","","31","","52",""
"2012-03-07","2012","03","07","†","-22.4","","-23.7","","-23.1","","41.1","","0.0","","","M","","M","0.0","","","","31","","46",""
"2012-03-08","2012","03","08","†","-22.3","","-22.7","","-22.5","","40.5","","0.0","","","M","","M","0.8","","","","32","","32",""
"2012-03-09","2012","03","09","†","-22.3","","-23.6","","-23.0","","41.0","","0.0","","","M","","M","0.3","","","","","","<31",""
"2012-03-10","2012","03","10","†","-23.6","","-25.1","","-24.4","","42.4","","0.0","","","M","","M","0.0","","","","33","","46",""
"2012-03-11","2012","03","11","†","-23.2","","-24.8","","-24.0","","42.0","","0.0","","","M","","M","0.0","","","","30","","56",""
"2012-03-12","2012","03","12","†","-20.9","","-23.2","","-22.1","","40.1","","0.0","","","M","","M","0.0","","","","32","","57",""
"2012-03-13","2012","03","13","†","-20.9","","-23.1","","-22.0","","40.0","","0.0","","","M","","M","0.2","","","","","","<31",""
"2012-03-14","2012","03","14","†","-23.1","","-24.9","","-24.0","","42.0","","0.0","","","M","","M","1.9","","","","","","<31",""
"2012-03-15","2012","03","15","†","-24.7","","-26.3","","-25.5","","43.5","","0.0","","","M","","M","1.2","","","","33","","32",""
"2012-03-16","2012","03","16","†","-26.1","","-26.9","","-26.5","","44.5","","0.0","","","M","","M","0.2","","","","33","","39",""
"2012-03-17","2012","03","17","†","-26.5","","-27.0","","-26.8","","44.8","","0.0","","","M","","M","0.0","","","","33","","32",""
"2012-03-18","2012","03","18","†","-26.0","","-26.6","","-26.3","","44.3","","0.0","","","M","","M","0.0","","","","","","<31",""
"2012-03-19","2012","03","19","†","-24.9","","-26.0","","-25.5","","43.5","","0.0","","","M","","M","0.2","","","","31","","57",""
"2012-03-20","2012","03","20","†","-23.8","","-24.9","","-24.4","","42.4","","0.0","","","M","","M","1.2","","","","32","","61",""
"2012-03-21","2012","03","21","†","","M","-24.4","E","","M","","M","","M","","M","","M","1.1","","","","","M","","M"
"2012-03-22","2012","03","22","","","","","","","","","","","","","","","","","","","","","","",""
"2012-03-23","2012","03","23","†","","M","","M","","M","","M","","M","","M","","M","1.5","","","","","","<31",""
"2012-03-24","2012","03","24","†","-20.4","","-20.9","","-20.7","","38.7","","0.0","","","M","","M","1.2","","","","","","<31",""
"2012-03-25","2012","03","25","†","-19.9","","-20.4","","-20.2","","38.2","","0.0","","","M","","M","1.0","","","","","","<31",""
"2012-03-26","2012","03","26","†","-19.4","","-19.9","","-19.7","","37.7","","0.0","","","M","","M","1.2","","","","32","","35",""
"2012-03-27","2012","03","27","†","-18.9","","-19.4","","-19.2","","37.2","","0.0","","","M","","M","0.0","","","","32","","46",""
"2012-03-28","2012","03","28","†","-18.5","","-18.9","","-18.7","","36.7","","0.0","","","M","","M","2.7","","","","","","<31",""
"2012-03-29","2012","03","29","†","-18.2","","-18.5","","-18.4","","36.4","","0.0","","","M","","M","0.2","","","","32","","57",""
"2012-03-30","2012","03","30","†","-17.9","","-18.2","","-18.1","","36.1","","0.0","","","M","","M","0.4","","","","","","<31",""
"2012-03-31","2012","03","31","†","-17.5","","-17.9","","-17.7","","35.7","","0.0","","","M","","M","0.2","","","","34","","43",""
"2012-04-01","2012","04","01","†","-17.0","","-17.5","","-17.3","","35.3","","0.0","","","M","","M","","M","","","","","<31",""
"2012-04-02","2012","04","02","†","-16.6","","-17.0","","-16.8","","34.8","","0.0","","","M","","M","0.0","","","","35","","41",""
"2012-04-03","2012","04","03","†","-16.3","","-16.6","","-16.5","","34.5","","0.0","","","M","","M","0.0","","","","","","<31",""
"2012-04-04","2012","04","04","†","-16.0","","-16.3","","-16.2","","34.2","","0.0","","","M","","M","0.6","","","","","","<31",""
"2012-04-05","2012","04","05","†","-15.6","","-16.0","","-15.8","","33.8","","0.0","","","M","","M","0.0","","","","","","<31",""
"2012-04-06","2012","04","06","†","-15.3","","-15.6","","-15.5","","33.5","","0.0","","","M","","M","0.4","","","","33","","43",""
"2012-04-07","2012","04","07","†","-14.9","","-15.3","","-15.1","","33.1","","0.0","","","M","","M","0.0","","","","32","","78",""
"2012-04-08","2012","04","08","†","-14.6","","-15.0","","-14.8","","32.8","","0.0","","","M","","M","1.1","","","","","","<31",""
"2012-04-09","2012","04","09","†","-14.2","","-14.6","","-14.4","","32.4","","0.0","","","M","","M","0.8","","","","","","<31",""
"2012-04-10","2012","04","10","†","-13.7","","-14.2","","-14.0","","32.0","","0.0","","","M","","M","0.0","","","","","","<31",""
"2012-04-11","2012","04","11","†","-13.1","","-13.7","","-13.4","","31.4","","0.0","","","M","","M","0.9","","","","","","<31",""
"2012-04-12","2012","04","12","†","-12.7","","-13.1","","-12.9","","30.9","","0.0","","","M","","M","0.4","","","","","","<31",""
"2012-04-13","2012","04","13","†","-12.4","","-12.7","","-12.6","","30.6","","0.0","","","M","","M","","M","","","","","<31",""
"2012-04-14","2012","04","14","†","-12.2","","-12.4","","-12.3","","30.3","","0.0","","","M","","M","2.8","","","","13","","35",""
"2012-04-15","2012","04","15","†","-12.1","","-12.2","","-12.2","","30.2","","0.0","","","M","","M","8.7","","","","12","","48",""
"2012-04-16","2012","04","16","†","-11.8","","-12.1","","-12.0","","30.0","","0.0","","","M","","M","1.6","","","","","","<31",""
"2012-04-17","2012","04","17","†","-11.5","","-11.8","","-11.7","","29.7","","0.0","","","M","","M","0.7","","","","","","<31",""
"2012-04-18","2012","04","18","†","-11.1","","-11.5","","-11.3","","29.3","","0.0","","","M","","M","1.9","","","","33","","43",""
"2012-04-19","2012","04","19","†","-10.9","","-11.2","","-11.1","","29.1","","0.0","","","M","","M","0.6","","","","","","<31",""
"2012-04-20","2012","04","20","†","-10.6","","-10.9","","-10.8","","28.8","","0.0","","","M","","M","0.7","","","","","","<31",""
"2012-04-21","2012","04","21","†","-10.2","","-10.6","","-10.4","","28.4","","0.0","","","M","","M","0.4","","","","","","<31",""
"2012-04-22","2012","04","22","†","-9.9","","-10.3","","-10.1","","28.1","","0.0","","","M","","M","1.2","","","","","","<31",""
"2012-04-23","2012","04","23","†","-9.7","","-9.9","","-9.8","","27.8","","0.0","","","M","","M","0.9","","","","","","<31",""
"2012-04-24","2012","04","24","†","-9.4","","-9.7","","-9.6","","27.6","","0.0","","","M","","M","1.3","","","","","","<31",""
"2012-04-25","2012","04","25","†","-9.2","","-9.4","","-9.3","","27.3","","0.0","","","M","","M","2.1","","","","","","<31",""
"2012-04-26","2012","04","26","†","-9.0","","-9.2","","-9.1","","27.1","","0.0","","","M","","M","0.8","","","","33","","39",""
"2012-04-27","2012","04","27","†","-8.8","","-9.0","","-8.9","","26.9","","0.0","","","M","","M","1.1","","","","","","<31",""
"2012-04-28","2012","04","28","†","-8.6","","-8.8","","-8.7","","26.7","","0.0","","","M","","M","1.4","","","","","","<31",""
"2012-04-29","2012","04","29","†","-8.4","","-8.6","","-8.5","","26.5","","0.0","","","M","","M","0.4","","","","","","<31",""
"2012-04-30","2012","04","30","†","-8.2","","-8.4","","-8.3","","26.3","","0.0","","","M","","M","0.6","","","","32","","37",""
"2012-05-01","2012","05","01","†","-8.0","","-8.2","","-8.1","","26.1","","0.0","","","M","","M","1.0","","","","","","<31",""
"2012-05-02","2012","05","02","†","-7.8","","-8.0","","-7.9","","25.9","","0.0","","","M","","M","0.9","","","","","","<31",""
"2012-05-03","2012","05","03","†","-7.7","","-7.9","","-7.8","","25.8","","0.0","","","M","","M","1.4","","","","31","","56",""
"2012-05-04","2012","05","04","†","-7.6","","-7.7","","-7.7","","25.7","","0.0","","","M","","M","1.5","","","","31","","46",""
"2012-05-05","2012","05","05","†","-7.6","","-7.7","","-7.7","","25.7","","0.0","","","M","","M","1.2","","","","","","<31",""
"2012-05-06","2012","05","06","†","-7.6","","-7.7","","-7.7","","25.7","","0.0","","","M","","M","1.0","","","","","","<31",""
"2012-05-07","2012","05","07","†","-7.7","","-7.8","","-7.8","","25.8","","0.0","","","M","","M","1.2","","","","","","<31",""
"2012-05-08","2012","05","08","†","-7.7","","-7.8","","-7.8","","25.8","","0.0","","","M","","M","2.9","","","","","","<31",""
"2012-05-09","2012","05","09","†","-7.6","E","-7.7","E","-7.7","E","25.7","E","0.0","E","","M","","M","2.8","","","","","","<31",""
"2012-05-10","2012","05","10","†","-7.5","","-7.6","","-7.6","","25.6","","0.0","","","M","","M","0.0","","","","12","","46",""
"2012-05-11","2012","05","11","†","-7.2","","-7.5","","-7.4","","25.4","","0.0","","","M","","M","1.3","","","","12","","46",""
"2012-05-12","2012","05","12","†","-7.0","","-7.2","","-7.1","","25.1","","0.0","","","M","","M","1.4","","","","","","<31",""
"2012-05-13","2012","05","13","†","-6.8","","-7.0","","-6.9","","24.9","","0.0","","","M","","M","0.8","","","","33","","43",""
"2012-05-14","2012","05","14","†","-6.4","","-6.8","","-6.6","","24.6","","0.0","","","M","","M","1.3","","","","32","","44",""
"2012-05-15","2012","05","15","†","-6.0","E","-6.6","E","-6.3","E","24.3","E","0.0","E","","M","","M","1.9","","","","","M","","M"
"2012-05-16","2012","05","16","†","-5.3","","-5.9","","-5.6","","23.6","","0.0","","","M","","M","1.2","","","","13","","33",""
"2012-05-17","2012","05","17","†","-4.5","","-5.3","","-4.9","","22.9","","0.0","","","M","","M","0.5","","","","13","","35",""
"2012-05-18","2012","05","18","†","-3.8","","-4.6","","-4.2","","22.2","","0.0","","","M","","M","2.8","","","","","","<31",""
"2012-05-19","2012","05","19","†","-3.2","","-3.8","","-3.5","","21.5","","0.0","","","M","","M","1.2","","","","13","","35",""
"2012-05-20","2012","05","20","†","-2.0","","-3.2","","-2.6","","20.6","","0.0","","","M","","M","3.1","","","","","","<31",""
"2012-05-21","2012","05","21","†","-0.7","","-2.0","","-1.4","","19.4","","0.0","","","M","","M","2.5","","","","","","<31",""
"2012-05-22","2012","05","22","†","-0.4","","-0.7","","-0.6","","18.6","","0.0","","","M","","M","3.0","","","","","","<31",""
"2012-05-23","2012","05","23","†","-0.3","","-0.4","","-0.4","","18.4","","0.0","","","M","","M","1.2","","","","","","<31",""
"2012-05-24","2012","05","24","†","-0.3","","-0.3","","-0.3","","18.3","","0.0","","","M","","M","0.2","","","","","","<31",""
"2012-05-25","2012","05","25","†","-0.2","","-0.3","","-0.3","","18.3","","0.0","","","M","","M","0.2","","","","","","<31",""
"2012-05-26","2012","05","26","†","-0.2","","-0.3","","-0.3","","18.3","","0.0","","","M","","M","5.7","","","","","","<31",""
"2012-05-27","2012","05","27","†","-0.2","","-0.3","","-0.3","","18.3","","0.0","","","M","","M","0.2","","","","33","","44",""
"2012-05-28","2012","05","28","†","-0.2","","-0.3","","-0.3","","18.3","","0.0","","","M","","M","1.2","","","","","","<31",""
"2012-05-29","2012","05","29","†","-0.2","","-0.3","","-0.3","","18.3","","0.0","","","M","","M","0.2","","","","","","<31",""
"2012-05-30","2012","05","30","†","-0.2","","-0.3","","-0.3","","18.3","","0.0","","","M","","M","0.2","","","","","","<31",""
"2012-05-31","2012","05","31","†","-0.2","","-0.2","","-0.2","","18.2","","0.0","","","M","","M","1.2","","","","","","<31",""
"2012-06-01","2012","06","01","†","-0.2","","-0.2","","-0.2","","18.2","","0.0","","","M","","M","1.7","","","","","","<31",""
"2012-06-02","2012","06","02","†","-0.2","","-0.2","","-0.2","","18.2","","0.0","","","M","","M","0.4","","","","","","<31",""
"2012-06-03","2012","06","03","†","-0.2","","-0.3","","-0.3","","18.3","","0.0","","","M","","M","0.0","","","","","","<31",""
"2012-06-04","2012","06","04","†","-0.2","","-0.3","","-0.3","","18.3","","0.0","","","M","","M","0.0","","","","11","","32",""
"2012-06-05","2012","06","05","†","-0.2","","-0.3","","-0.3","","18.3","","0.0","","","M","","M","0.0","","","","11","","33",""
"2012-06-06","2012","06","06","†","0.6","","-0.4","","0.1","","17.9","","0.0","","","M","","M","0.0","","","","12","","32",""
"2012-06-07","2012","06","07","†","7.0","","-0.2","","3.4","","14.6","","0.0","","","M","","M","0.0","","","","","","<31",""
"2012-06-08","2012","06","08","†","7.5","","1.0","","4.3","","13.7","","0.0","","","M","","M","0.2","","","","","","<31",""
"2012-06-09","2012","06","09","†","5.3","","0.7","","3.0","","15.0","","0.0","","","M","","M","0.0","","","","10","","35",""
"2012-06-10","2012","06","10","†","7.9","","1.0","","4.5","","13.5","","0.0","","","M","","M","0.0","","","","9","","41",""
"2012-06-11","2012","06","11","†","9.1","","-0.1","","4.5","","13.5","","0.0","","","M","","M","0.3","","","","6","","37",""
"2012-06-12","2012","06","12","†","4.0","","0.0","","2.0","","16.0","","0.0","","","M","","M","5.6","","","","32","","37",""
"2012-06-13","2012","06","13","†","14.4","","0.6","","7.5","","10.5","","0.0","","","M","","M","0.3","","","","34","","35",""
"2012-06-14","2012","06","14","†","9.1","","-1.2","","4.0","","14.0","","0.0","","","M","","M","1.2","","","","","","<31",""
"2012-06-15","2012","06","15","†","13.3","","0.2","","6.8","","11.2","","0.0","","","M","","M","1.2","","","","11","","35",""
"2012-06-16","2012","06","16","†","17.9","","2.3","","10.1","","7.9","","0.0","","","M","","M","3.3","","","","11","","32",""
"2012-06-17","2012","06","17","†","17.3","","1.3","","9.3","","8.7","","0.0","","","M","","M","0.9","","","","33","","70",""
"2012-06-18","2012","06","18","†","8.2","","0.0","","4.1","","13.9","","0.0","","","M","","M","1.5","","","","33","","48",""
"2012-06-19","2012","06","19","†","22.0","","2.5","","12.3","","5.7","","0.0","","","M","","M","0.6","","","","34","","43",""
"2012-06-20","2012","06","20","†","23.6","","5.1","","14.4","","3.6","","0.0","","","M","","M","2.2","","","","36","","32",""
"2012-06-21","2012","06","21","†","25.5","","7.4","","16.5","","1.5","","0.0","","","M","","M","0.7","","","","","","<31",""
"2012-06-22","2012","06","22","†","16.7","","4.9","","10.8","","7.2","","0.0","","","M","","M","0.7","","","","10","","56",""
"2012-06-23","2012","06","23","†","20.9","","6.9","","13.9","","4.1","","0.0","","","M","","M","0.0","","","","32","","48",""
"2012-06-24","2012","06","24","†","19.8","","3.8","","11.8","","6.2","","0.0","","","M","","M","0.0","","","","12","","43",""
"2012-06-25","2012","06","25","†","19.2","","7.3","","13.3","","4.7","","0.0","","","M","","M","1.0","","","","34","","54",""
"2012-06-26","2012","06","26","†","12.2","","4.4","","8.3","","9.7","","0.0","","","M","","M","0.5","","","","34","","57",""
"2012-06-27","2012","06","27","†","16.1","","2.3","","9.2","","8.8","","0.0","","","M","","M","0.7","","","","","","<31",""
"2012-06-28","2012","06","28","†","15.4","","5.2","","10.3","","7.7","","0.0","","","M","","M","0.2","","","","34","","39",""
"2012-06-29","2012","06","29","†","17.4","","4.5","","11.0","","7.0","","0.0","","","M","","M","0.0","","","","33","","43",""
"2012-06-30","2012","06","30","†","16.9","","6.2","","11.6","","6.4","","0.0","","","M","","M","0.3","","","","","","<31",""
"2012-07-01","2012","07","01","†","14.5","","6.7","","10.6","","7.4","","0.0","","","M","","M","1.1","","","","33","","44",""
"2012-07-02","2012","07","02","†","21.4","","4.7","","13.1","","4.9","","0.0","","","M","","M","1.3","","","","","","<31",""
"2012-07-03","2012","07","03","†","22.9","","10.3","","16.6","","1.4","","0.0","","","M","","M","0.2","","","","7","","33",""
"2012-07-04","2012","07","04","†","21.3","","8.2","","14.8","","3.2","","0.0","","","M","","M","0.4","","","","","","<31",""
"2012-07-05","2012","07","05","†","23.5","","11.0","","17.3","","0.7","","0.0","","","M","","M","0.9","","","","5","","32",""
"2012-07-06","2012","07","06","†","24.7","","11.5","","18.1","","0.0","","0.1","","","M","","M","3.4","","","","","","<31",""
"2012-07-07","2012","07","07","†","21.7","","10.6","","16.2","","1.8","","0.0","","","M","","M","1.2","","","","9","","37",""
"2012-07-08","2012","07","08","†","19.6","","9.9","","14.8","","3.2","","0.0","","","M","","M","0.2","","","","","","<31",""
"2012-07-09","2012","07","09","†","16.8","E","10.3","E","13.6","E","4.4","E","0.0","E","","M","","M","0.4","","","","","","<31",""
"2012-07-10","2012","07","10","†","16.3","","9.1","","12.7","","5.3","","0.0","","","M","","M","","M","","","","","<31",""
"2012-07-11","2012","07","11","†","19.7","","8.6","","14.2","","3.8","","0.0","","","M","","M","","M","","","","","<31",""
"2012-07-12","2012","07","12","†","23.4","","11.3","","17.4","","0.6","","0.0","","","M","","M","0.9","","","","11","","35",""
"2012-07-13","2012","07","13","†","26.2","","11.8","","19.0","","0.0","","1.0","","","M","","M","1.7","","","","","","<31",""
"2012-07-14","2012","07","14","†","23.9","","9.5","","16.7","","1.3","","0.0","","","M","","M","1.8","","","","32","","57",""
"2012-07-15","2012","07","15","†","18.1","","7.3","","12.7","","5.3","","0.0","","","M","","M","1.4","","","","31","","33",""
"2012-07-16","2012","07","16","†","21.7","","10.3","","16.0","","2.0","","0.0","","","M","","M","0.7","","","","30","","37",""
"2012-07-17","2012","07","17","†","14.9","","9.4","","12.2","","5.8","","0.0","","","M","","M","3.7","","","","","","<31",""
"2012-07-18","2012","07","18","†","14.9","","7.8","","11.4","","6.6","","0.0","","","M","","M","4.8","","","","32","","37",""
"2012-07-19","2012","07","19","†","19.8","","10.1","","15.0","","3.0","","0.0","","","M","","M","","M","","","14","","32",""
"2012-07-20","2012","07","20","†","17.3","","11.2","","14.3","","3.7","","0.0","","","M","","M","0.5","","","","32","","39",""
"2012-07-21","2012","07","21","†","15.6","","6.9","","11.3","","6.7","","0.0","","","M","","M","1.6","","","","1","","39",""
"2012-07-22","2012","07","22","†","17.7","","7.2","","12.5","","5.5","","0.0","","","M","","M","1.8","","","","","","<31",""
"2012-07-23","2012","07","23","†","26.3","","11.4","","18.9","","0.0","","0.9","","","M","","M","0.9","","","","15","","33",""
"2012-07-24","2012","07","24","†","22.5","","12.5","","17.5","","0.5","","0.0","","","M","","M","","M","","","31","","43",""
"2012-07-25","2012","07","25","†","22.4","","10.3","","16.4","","1.6","","0.0","","","M","","M","2.1","","","","","","<31",""
"2012-07-26","2012","07","26","†","15.6","","11.5","","13.6","","4.4","","0.0","","","M","","M","","M","","","11","","39",""
"2012-07-27","2012","07","27","†","20.8","","12.4","","16.6","","1.4","","0.0","","","M","","M","","M","","","9","","43",""
"2012-07-28","2012","07","28","†","23.4","","11.1","","17.3","","0.7","","0.0","","","M","","M","1.0","","","","","","<31",""
"2012-07-29","2012","07","29","†","19.4","","8.7","","14.1","","3.9","","0.0","","","M","","M","0.2","","","","11","","46",""
"2012-07-30","2012","07","30","†","28.1","","10.8","","19.5","","0.0","","1.5","","","M","","M","1.4","","","","33","","37",""
"2012-07-31","2012","07","31","†","15.9","","7.6","","11.8","","6.2","","0.0","","","M","","M","0.9","","","","33","","48",""
"2012-08-01","2012","08","01","†","16.9","","8.4","","12.7","","5.3","","0.0","","","M","","M","","M","","","","","<31",""
"2012-08-02","2012","08","02","†","19.3","","7.2","","13.3","","4.7","","0.0","","","M","","M","","M","","","17","","32",""
"2012-08-03","2012","08","03","†","14.1","","8.3","","11.2","","6.8","","0.0","","","M","","M","","M","","","32","","46",""
"2012-08-04","2012","08","04","†","22.0","","5.2","","13.6","","4.4","","0.0","","","M","","M","","M","","","32","","44",""
"2012-08-05","2012","08","05","†","18.6","","5.8","","12.2","","5.8","","0.0","","","M","","M","","M","","","","","<31",""
"2012-08-06","2012","08","06","†","19.5","","9.2","","14.4","","3.6","","0.0","","","M","","M","","M","","","31","","43",""
"2012-08-07","2012","08","07","†","10.8","","6.2","","8.5","","9.5","","0.0","","","M","","M","","M","","","","","<31",""
"2012-08-08","2012","08","08","†","18.1","","5.0","","11.6","","6.4","","0.0","","","M","","M","","M","","","","","<31",""
"2012-08-09","2012","08","09","†","23.3","","3.9","","13.6","","4.4","","0.0","","","M","","M","","M","","","","","<31",""
"2012-08-10","2012","08","10","†","12.1","","7.8","","10.0","","8.0","","0.0","","","M","","M","","M","","","32","","44",""
"2012-08-11","2012","08","11","†","9.3","","5.3","","7.3","","10.7","","0.0","","","M","","M","","M","","","","","<31",""
"2012-08-12","2012","08","12","†","12.0","","5.1","","8.6","","9.4","","0.0","","","M","","M","","M","","","32","","37",""
"2012-08-13","2012","08","13","†","15.4","","6.5","","11.0","","7.0","","0.0","","","M","","M","","M","","","32","","35",""
"2012-08-14","2012","08","14","†","14.2","","4.5","","9.4","","8.6","","0.0","","","M","","M","","M","","","","","<31",""
"2012-08-15","2012","08","15","†","17.6","","8.6","","13.1","","4.9","","0.0","","","M","","M","","M","","","","","<31",""
"2012-08-16","2012","08","16","†","22.9","","8.8","","15.9","","2.1","","0.0","","","M","","M","2.2","","","","","","<31",""
"2012-08-17","2012","08","17","†","20.3","","8.7","","14.5","","3.5","","0.0","","","M","","M","0.8","","","","31","","32",""
"2012-08-18","2012","08","18","†","19.7","","7.4","","13.6","","4.4","","0.0","","","M","","M","1.4","","","","11","","33",""
"2012-08-19","2012","08","19","†","19.3","","7.8","","13.6","","4.4","","0.0","","","M","","M","1.4","","","","","","<31",""
"2012-08-20","2012","08","20","†","19.3","","7.0","","13.2","","4.8","","0.0","","","M","","M","1.6","","","","","","<31",""
"2012-08-21","2012","08","21","†","19.5","","4.9","","12.2","","5.8","","0.0","","","M","","M","1.4","","","","","","<31",""
"2012-08-22","2012","08","22","†","21.8","","9.1","","15.5","","2.5","","0.0","","","M","","M","1.2","","","","13","","32",""
"2012-08-23","2012","08","23","†","16.3","","11.0","","13.7","","4.3","","0.0","","","M","","M","","M","","","11","","44",""
"2012-08-24","2012","08","24","†","17.0","","10.3","","13.7","","4.3","","0.0","","","M","","M","","M","","","13","","50",""
"2012-08-25","2012","08","25","†","19.1","","8.3","","13.7","","4.3","","0.0","","","M","","M","1.0","","","","34","","35",""
"2012-08-26","2012","08","26","†","15.4","","5.5","","10.5","","7.5","","0.0","","","M","","M","4.9","","","","32","","50",""
"2012-08-27","2012","08","27","†","10.2","","5.1","","7.7","","10.3","","0.0","","","M","","M","","M","","","32","","46",""
"2012-08-28","2012","08","28","†","14.6","","4.2","","9.4","","8.6","","0.0","","","M","","M","0.4","","","","33","","44",""
"2012-08-29","2012","08","29","†","16.8","","5.6","","11.2","","6.8","","0.0","","","M","","M","1.5","","","","","","<31",""
"2012-08-30","2012","08","30","†","17.9","","1.3","","9.6","","8.4","","0.0","","","M","","M","2.2","","","","","","<31",""
"2012-08-31","2012","08","31","†","10.3","","5.3","","7.8","","10.2","","0.0","","","M","","M","3.1","","","","","","<31",""
"2012-09-01","2012","09","01","†","8.9","","5.4","","7.2","","10.8","","0.0","","","M","","M","1.5","","","","13","","39",""
"2012-09-02","2012","09","02","†","8.4","","5.5","","7.0","","11.0","","0.0","","","M","","M","","M","","","6","","46",""
"2012-09-03","2012","09","03","†","9.7","","5.2","","7.5","","10.5","","0.0","","","M","","M","1.4","","","","10","","39",""
"2012-09-04","2012","09","04","†","16.6","","5.4","","11.0","","7.0","","0.0","","","M","","M","1.0","","","","10","","32",""
"2012-09-05","2012","09","05","†","","M","1.9","E","","M","","M","","M","","M","","M","0.6","","","","","","<31",""
"2012-09-06","2012","09","06","†","","M","","M","","M","","M","","M","","M","","M","2.3","","","","","","<31",""
"2012-09-07","2012","09","07","†","","M","","M","","M","","M","","M","","M","","M","2.7","","","","30","","72",""
"2012-09-08","2012","09","08","†","","M","","M","","M","","M","","M","","M","","M","0.3","","","","31","","69",""
"2012-09-09","2012","09","09","†","","M","","M","","M","","M","","M","","M","","M","3.3","","","","30","","69",""
"2012-09-10","2012","09","10","†","","M","","M","","M","","M","","M","","M","","M","1.2","","","","36","","32",""
"2012-09-11","2012","09","11","†","","M","","M","","M","","M","","M","","M","","M","1.2","","","","","","<31",""
"2012-09-12","2012","09","12","†","","M","","M","","M","","M","","M","","M","","M","0.6","","","","","","<31",""
"2012-09-13","2012","09","13","†","","M","","M","","M","","M","","M","","M","","M","1.0","","","","","","<31",""
"2012-09-14","2012","09","14","†","5.6","","-0.5","","2.6","","15.4","","0.0","","","M","","M","0.0","","","","","","<31",""
"2012-09-15","2012","09","15","†","5.9","E","0.2","E","3.1","E","14.9","E","0.0","E","","M","","M","","M","","","","","<31",""
"2012-09-16","2012","09","16","†","6.2","","0.3","","3.3","","14.7","","0.0","","","M","","M","0.0","","","","13","","32",""
"2012-09-17","2012","09","17","†","13.0","","5.6","","9.3","","8.7","","0.0","","","M","","M","0.0","","","","24","","57",""
"2012-09-18","2012","09","18","†","9.6","","3.8","","6.7","","11.3","","0.0","","","M","","M","0.0","","","","","","<31",""
"2012-09-19","2012","09","19","†","9.7","","1.0","","5.4","","12.6","","0.0","","","M","","M","0.0","","","","14","","43",""
"2012-09-20","2012","09","20","†","12.9","","2.0","","7.5","","10.5","","0.0","","","M","","M","0.0","","","","30","","39",""
"2012-09-21","2012","09","21","†","8.3","","1.7","","5.0","","13.0","","0.0","","","M","","M","0.5","","","","29","","82",""
"2012-09-22","2012","09","22","†","","M","1.7","E","","M","","M","","M","","M","","M","","M","","","","","<31",""
"2012-09-23","2012","09","23","†","16.7","","3.2","","10.0","","8.0","","0.0","","","M","","M","0.0","","","","14","","54",""
"2012-09-24","2012","09","24","†","8.6","","2.8","","5.7","","12.3","","0.0","","","M","","M","0.0","","","","31","","67",""
"2012-09-25","2012","09","25","†","5.1","","-2.8","","1.2","","16.8","","0.0","","","M","","M","0.0","","","","","","<31",""
"2012-09-26","2012","09","26","†","3.5","E","-3.3","E","0.1","E","17.9","E","0.0","E","","M","","M","0.2","","","","","","<31",""
"2012-09-27","2012","09","27","†","3.9","","0.9","","2.4","","15.6","","0.0","","","M","","M","2.3","","","","31","","59",""
"2012-09-28","2012","09","28","†","2.8","","1.0","","1.9","","16.1","","0.0","","","M","","M","0.9","","","","31","","57",""
"2012-09-29","2012","09","29","†","4.1","","-0.1","","2.0","","16.0","","0.0","","","M","","M","0.5","","","","","","<31",""
"2012-09-30","2012","09","30","†","3.0","","1.2","","2.1","","15.9","","0.0","","","M","","M","1.0","","","","","","<31",""
"2012-10-01","2012","10","01","†","4.2","","2.0","","3.1","","14.9","","0.0","","","M","","M","0.0","","","","14","","39",""
"2012-10-02","2012","10","02","†","7.7","","-3.0","","2.4","","15.6","","0.0","","","M","","M","0.0","","","","15","","39",""
"2012-10-03","2012","10","03","†","9.3","","-2.1","","3.6","","14.4","","0.0","","","M","","M","","M","","","","","<31",""
"2012-10-04","2012","10","04","†","6.7","","-1.2","","2.8","","15.2","","0.0","","","M","","M","0.0","","","","","","<31",""
"2012-10-05","2012","10","05","†","7.3","","0.2","","3.8","","14.2","","0.0","","","M","","M","0.0","","","","30","","50",""
"2012-10-06","2012","10","06","†","6.8","","0.6","","3.7","","14.3","","0.0","","","M","","M","0.0","","","","","","<31",""
"2012-10-07","2012","10","07","†","7.2","","-0.2","","3.5","","14.5","","0.0","","","M","","M","0.0","","","","31","","44",""
"2012-10-08","2012","10","08","†","3.4","","-0.9","","1.3","","16.7","","0.0","","","M","","M","5.1","","","","31","","46",""
"2012-10-09","2012","10","09","†","0.7","","-2.3","","-0.8","","18.8","","0.0","","","M","","M","2.0","","","","30","","72",""
"2012-10-10","2012","10","10","†","0.0","","-1.6","","-0.8","","18.8","","0.0","","","M","","M","0.2","","","","","","<31",""
"2012-10-11","2012","10","11","†","-1.4","","-4.1","","-2.8","","20.8","","0.0","","","M","","M","0.0","","","","30","","50",""
"2012-10-12","2012","10","12","†","0.1","","-3.6","","-1.8","","19.8","","0.0","","","M","","M","1.4","","","","","","<31",""
"2012-10-13","2012","10","13","†","-1.2","","-6.0","","-3.6","","21.6","","0.0","","","M","","M","","M","","","","","<31",""
"2012-10-14","2012","10","14","†","-3.0","","-10.4","","-6.7","","24.7","","0.0","","","M","","M","0.0","","","","16","","50",""
"2012-10-15","2012","10","15","†","-1.9","","-6.4","","-4.2","","22.2","","0.0","","","M","","M","1.0","","","","29","","32",""
"2012-10-16","2012","10","16","†","-2.5","E","-3.9","E","-3.2","E","21.2","E","0.0","E","","M","","M","0.6","","","","","","<31",""
"2012-10-17","2012","10","17","†","-1.6","","-2.9","","-2.3","","20.3","","0.0","","","M","","M","1.0","","","","31","","54",""
"2012-10-18","2012","10","18","†","-0.7","","-2.6","","-1.7","","19.7","","0.0","","","M","","M","5.1","","","","","","<31",""
"2012-10-19","2012","10","19","†","-1.2","","-2.6","","-1.9","","19.9","","0.0","","","M","","M","0.9","","","","35","","39",""
"2012-10-20","2012","10","20","†","-1.8","","-11.7","","-6.8","","24.8","","0.0","","","M","","M","2.2","","","","30","","43",""
"2012-10-21","2012","10","21","†","-4.1","","-13.9","","-9.0","","27.0","","0.0","","","M","","M","0.0","","","","","","<31",""
"2012-10-22","2012","10","22","†","-4.8","","-14.6","","-9.7","","27.7","","0.0","","","M","","M","0.0","","","","","","<31",""
"2012-10-23","2012","10","23","†","-1.2","","-14.7","","-8.0","","26.0","","0.0","","","M","","M","0.0","","","","31","","35",""
"2012-10-24","2012","10","24","†","-0.8","","-2.8","","-1.8","","19.8","","0.0","","","M","","M","0.0","","","","31","","46",""
"2012-10-25","2012","10","25","†","-1.8","","-11.5","","-6.7","","24.7","","0.0","","","M","","M","0.2","","","","","","<31",""
"2012-10-26","2012","10","26","†","-0.7","","-4.5","","-2.6","","20.6","","0.0","","","M","","M","1.2","","","","29","","44",""
"2012-10-27","2012","10","27","†","-0.8","","-3.5","","-2.2","","20.2","","0.0","","","M","","M","2.7","","","","31","","57",""
"2012-10-28","2012","10","28","†","-0.4","","-4.8","","-2.6","","20.6","","0.0","","","M","","M","1.8","","","","31","","78",""
"2012-10-29","2012","10","29","†","-3.3","","-6.1","","-4.7","","22.7","","0.0","","","M","","M","0.0","","","","31","","50",""
"2012-10-30","2012","10","30","†","-3.6","","-5.2","","-4.4","","22.4","","0.0","","","M","","M","0.0","","","","31","","69",""
"2012-10-31","2012","10","31","†","-2.4","","-5.6","","-4.0","","22.0","","0.0","","","M","","M","4.6","","","","3","","61",""
"2012-11-01","2012","11","01","†","-5.2","","-10.0","","-7.6","","25.6","","0.0","","","M","","M","0.2","","","","29","","44",""
"2012-11-02","2012","11","02","†","-5.1","","-9.4","","-7.3","","25.3","","0.0","","","M","","M","1.6","","","","29","","67",""
"2012-11-03","2012","11","03","†","-7.9","","-11.0","","-9.5","","27.5","","0.0","","","M","","M","1.5","","","","28","","57",""
"2012-11-04","2012","11","04","†","-10.0","","-13.1","","-11.6","","29.6","","0.0","","","M","","M","1.1","","","","30","","50",""
"2012-11-05","2012","11","05","†","-10.6","","-12.6","","-11.6","","29.6","","0.0","","","M","","M","1.4","","","","30","","69",""
"2012-11-06","2012","11","06","†","-12.2","E","-13.8","E","-13.0","E","31.0","E","0.0","E","","M","","M","","M","","","","","<31",""
"2012-11-07","2012","11","07","†","-11.4","","-15.3","","-13.4","","31.4","","0.0","","","M","","M","0.0","","","","27","","33",""
"2012-11-08","2012","11","08","†","-6.2","","-14.3","","-10.3","","28.3","","0.0","","","M","","M","0.0","","","","30","","50",""
"2012-11-09","2012","11","09","†","-6.9","","-13.1","","-10.0","","28.0","","0.0","","","M","","M","0.0","","","","26","","32",""
"2012-11-10","2012","11","10","†","-5.8","","-11.0","","-8.4","","26.4","","0.0","","","M","","M","","M","","","","","<31",""
"2012-11-11","2012","11","11","†","-6.7","","-11.4","","-9.1","","27.1","","0.0","","","M","","M","0.2","","","","36","","35",""
"2012-11-12","2012","11","12","†","-10.0","","-20.1","","-15.1","","33.1","","0.0","","","M","","M","0.2","","","","31","","44",""
"2012-11-13","2012","11","13","†","-8.7","","-11.4","","-10.1","","28.1","","0.0","","","M","","M","0.7","","","","","","<31",""
"2012-11-14","2012","11","14","†","-10.2","","-16.3","","-13.3","","31.3","","0.0","","","M","","M","0.0","","","","31","","74",""
"2012-11-15","2012","11","15","†","-11.3","","-16.4","","-13.9","","31.9","","0.0","","","M","","M","0.8","","","","31","","83",""
"2012-11-16","2012","11","16","†","-11.3","","-18.6","","-15.0","","33.0","","0.0","","","M","","M","0.6","","","","30","","74",""
"2012-11-17","2012","11","17","†","-16.5","","-19.9","","-18.2","","36.2","","0.0","","","M","","M","0.0","","","","","","<31",""
"2012-11-18","2012","11","18","†","-15.3","","-19.6","","-17.5","","35.5","","0.0","","","M","","M","0.2","","","","","","<31",""
"2012-11-19","2012","11","19","†","-15.5","","-19.0","","-17.3","","35.3","","0.0","","","M","","M","0.2","","","","","","<31",""
"2012-11-20","2012","11","20","†","-16.5","","-18.0","","-17.3","","35.3","","0.0","","","M","","M","0.0","","","","14","","32",""
"2012-11-21","2012","11","21","†","-14.9","","-17.1","","-16.0","","34.0","","0.0","","","M","","M","1.5","","","","31","","39",""
"2012-11-22","2012","11","22","†","-16.6","","-20.7","","-18.7","","36.7","","0.0","","","M","","M","0.4","","","","","","<31",""
"2012-11-23","2012","11","23","†","-18.1","","-21.6","","-19.9","","37.9","","0.0","","","M","","M","0.0","","","","","","<31",""
"2012-11-24","2012","11","24","†","-14.5","","-22.8","","-18.7","","36.7","","0.0","","","M","","M","0.0","","","","32","","35",""
"2012-11-25","2012","11","25","†","-13.9","","-14.8","","-14.4","","32.4","","0.0","","","M","","M","0.2","","","","","","<31",""
"2012-11-26","2012","11","26","†","-10.4","","-17.0","","-13.7","","31.7","","0.0","","","M","","M","2.7","","","","31","","106",""
"2012-11-27","2012","11","27","†","-17.0","","-23.3","","-20.2","","38.2","","0.0","","","M","","M","","M","","","","","<31",""
"2012-11-28","2012","11","28","†","-16.2","","-21.9","","-19.1","","37.1","","0.0","","","M","","M","0.5","","","","30","","76",""
"2012-11-29","2012","11","29","†","-13.7","","-16.5","","-15.1","","33.1","","0.0","","","M","","M","0.7","","","","31","","76",""
"2012-11-30","2012","11","30","†","-13.6","","-14.1","","-13.9","","31.9","","0.0","","","M","","M","","M","","","","","<31",""
"2012-12-01","2012","12","01","†","-14.0","","-15.4","","-14.7","","32.7","","0.0","","","M","","M","0.2","","","","31","","39",""
"2012-12-02","2012","12","02","†","-15.4","","-18.5","","-17.0","","35.0","","0.0","","","M","","M","0.2","","","","32","","44",""
"2012-12-03","2012","12","03","†","-17.3","","-18.7","","-18.0","","36.0","","0.0","","","M","","M","0.2","","","","","","<31",""
"2012-12-04","2012","12","04","†","-17.1","","-18.1","","-17.6","","35.6","","0.0","","","M","","M","0.0","","","","32","","41",""
"2012-12-05","2012","12","05","†","-18.0","","-22.5","","-20.3","","38.3","","0.0","","","M","","M","","M","","","","","<31",""
"2012-12-06","2012","12","06","†","-18.6","","-22.6","","-20.6","","38.6","","0.0","","","M","","M","0.2","","","","31","","52",""
"2012-12-07","2012","12","07","†","-18.4","","-26.1","","-22.3","","40.3","","0.0","","","M","","M","0.0","","","","32","","46",""
"2012-12-08","2012","12","08","†","-26.0","","-29.3","","-27.7","","45.7","","0.0","","","M","","M","0.2","","","","","","<31",""
"2012-12-09","2012","12","09","†","-26.2","","-28.9","","-27.6","","45.6","","0.0","","","M","","M","0.0","","","","11","","35",""
"2012-12-10","2012","12","10","†","-28.5","","-33.3","","-30.9","","48.9","","0.0","","","M","","M","0.0","","","","","","<31",""
"2012-12-11","2012","12","11","†","-26.5","","-33.4","","-30.0","","48.0","","0.0","","","M","","M","0.0","","","","33","","43",""
"2012-12-12","2012","12","12","†","-25.2","","-31.2","","-28.2","","46.2","","0.0","","","M","","M","0.4","","","","","","<31",""
"2012-12-13","2012","12","13","†","-25.8","","-30.1","","-28.0","","46.0","","0.0","","","M","","M","0.2","","","","33","","37",""
"2012-12-14","2012","12","14","†","-29.3","","-33.3","","-31.3","","49.3","","0.0","","","M","","M","0.2","","","","","","<31",""
"2012-12-15","2012","12","15","†","-27.2","","-32.2","","-29.7","","47.7","","0.0","","","M","","M","0.4","","","","","","<31",""
"2012-12-16","2012","12","16","†","-27.0","","-31.2","","-29.1","","47.1","","0.0","","","M","","M","0.0","","","","","","<31",""
"2012-12-17","2012","12","17","†","-25.2","","-32.1","","-28.7","","46.7","","0.0","","","M","","M","0.0","","","","11","","32",""
"2012-12-18","2012","12","18","†","-19.6","","-27.6","","-23.6","","41.6","","0.0","","","M","","M","0.0","","","","32","","59",""
"2012-12-19","2012","12","19","†","-17.8","","-23.5","","-20.7","","38.7","","0.0","","","M","","M","0.4","","","","31","","70",""
"2012-12-20","2012","12","20","†","-23.3","","-30.4","","-26.9","","44.9","","0.0","","","M","","M","","M","","","","","<31",""
"2012-12-21","2012","12","21","†","-25.4","","-30.8","","-28.1","","46.1","","0.0","","","M","","M","0.0","","","","12","","35",""
"2012-12-22","2012","12","22","†","-22.3","","-27.1","","-24.7","","42.7","","0.0","","","M","","M","0.0","","","","12","","44",""
"2012-12-23","2012","12","23","†","-26.2","","-31.2","","-28.7","","46.7","","0.0","","","M","","M","","M","","","","","<31",""
"2012-12-24","2012","12","24","†","-21.4","","-31.3","","-26.4","","44.4","","0.0","","","M","","M","0.2","","","","13","","57",""
"2012-12-25","2012","12","25","†","-21.1","","-26.3","","-23.7","","41.7","","0.0","","","M","","M","0.0","","","","","","<31",""
"2012-12-26","2012","12","26","†","-14.0","","-24.9","","-19.5","","37.5","","0.0","","","M","","M","0.0","","","","30","","39",""
"2012-12-27","2012","12","27","†","-16.9","","-24.0","","-20.5","","38.5","","0.0","","","M","","M","0.0","","","","30","","32",""
"2012-12-28","2012","12","28","†","-19.8","","-22.7","","-21.3","","39.3","","0.0","","","M","","M","","M","","","","","<31",""
"2012-12-29","2012","12","29","†","-19.1","","-27.7","","-23.4","","41.4","","0.0","","","M","","M","0.0","","","","","","<31",""
"2012-12-30","2012","12","30","†","-18.5","","-23.3","","-20.9","","38.9","","0.0","","","M","","M","0.2","","","","","","<31",""
"2012-12-31","2012","12","31","†","-17.6","","-19.7","","-18.7","","36.7","","0.0","","","M","","M","1.0","","","","11","","33",""
